neg_cpu_angle, delayed_THETA, centerX, centerY, snapshot_time
0, -0.04343356, -1, -1, 5168
0, -0.04364224, -1, -1, 5178
0, -0.04364224, -1, -1, 5188
0, -0.04987511, -1, -1, 5198
0, -0.05269278, -1, -1, 5208
0, -0.04374393, -1, -1, 5218
0, -0.03603642, -1, -1, 5228
0, -0.03203687, -1, -1, 5238
0, -0.0399739, -1, -1, 5248
0, -0.05085482, -1, -1, 5258
0, -0.05792611, -1, -1, 5268
0, -0.05742466, -1, -1, 5278
0, -0.04110315, -1, -1, 5288
0, -0.01347384, -1, -1, 5298
0, 0.003547785, -1, -1, 5308
0, -0.01112836, -1, -1, 5318
-1.973521, -0.04146805, 166, 165, 5328
-1.973521, -0.0597964, 166, 165, 5338
-1.973521, -0.0615849, 166, 165, 5348
-1.973521, -0.05025086, 166, 165, 5358
-1.973521, -0.04343356, 166, 165, 5368
-1.973521, -0.04364224, 166, 165, 5378
-1.973521, -0.04364224, 166, 165, 5388
-1.973521, -0.04987511, 166, 165, 5398
-1.973521, -0.05269278, 166, 165, 5408
-1.973521, -0.04374393, 166, 165, 5418
-1.640646, -0.03603642, 165, 164, 5428
-1.640646, -0.03203687, 165, 164, 5438
-1.640646, -0.0399739, 165, 164, 5448
-1.640646, -0.05085482, 165, 164, 5458
-1.640646, -0.05792611, 165, 164, 5468
-1.640646, -0.05742466, 165, 164, 5478
-1.640646, -0.04110315, 165, 164, 5488
-1.640646, -0.01347384, 165, 164, 5498
-1.640646, 0.003547785, 165, 164, 5508
-1.640646, -0.01112836, 165, 164, 5518
-1.640646, -0.04146805, 165, 164, 5528
-1.640646, -0.0597964, 165, 164, 5538
-1.640646, -0.0615849, 165, 164, 5548
-1.640646, -0.05025086, 165, 164, 5558
-1.640646, -0.04827504, 165, 164, 5568
-1.640646, -0.05007597, 165, 164, 5578
-1.640646, -0.0317369, 165, 164, 5588
-1.640646, -0.02180944, 165, 164, 5598
-1.640646, -0.03412807, 165, 164, 5608
-1.640646, -0.0397543, 165, 164, 5618
-1.968539, -0.049747, 166, 164, 5628
-1.968539, -0.05746009, 166, 164, 5638
-1.968539, -0.0832394, 166, 164, 5648
-1.968539, -0.1729058, 166, 164, 5658
-1.968539, -0.2908795, 166, 164, 5668
-1.968539, -0.3834826, 166, 164, 5678
-1.968539, -0.5212386, 166, 164, 5688
-1.968539, -0.7056514, 166, 164, 5698
-1.968539, -0.8738483, 166, 164, 5708
-1.968539, -1.050343, 166, 164, 5718
-5.576182, -1.28378, 177, 165, 5728
-5.576182, -1.519833, 177, 165, 5738
-5.576182, -1.771016, 177, 165, 5748
-5.576182, -2.062355, 177, 165, 5758
-5.576182, -2.358867, 177, 165, 5768
-5.576182, -2.658847, 177, 165, 5778
-5.576182, -2.974545, 177, 165, 5788
-5.576182, -3.310517, 177, 165, 5798
-5.576182, -3.633658, 177, 165, 5808
-5.576182, -3.950366, 177, 165, 5818
-6.227318, -4.264404, 179, 165, 5828
-6.227318, -4.577694, 179, 165, 5838
-6.227318, -4.872372, 179, 165, 5848
-6.227318, -5.155771, 179, 165, 5858
-6.227318, -5.423281, 179, 165, 5868
-6.227318, -5.678292, 179, 165, 5878
-6.227318, -5.902016, 179, 165, 5888
-6.227318, -6.100504, 179, 165, 5898
-6.227318, -6.297988, 179, 165, 5908
-6.227318, -6.474183, 179, 165, 5918
-7.200951, -6.622938, 182, 165, 5928
-7.200951, -6.762544, 182, 165, 5938
-7.200951, -6.898616, 182, 165, 5948
-7.200951, -7.029936, 182, 165, 5958
-7.200951, -7.138943, 182, 165, 5968
-7.200951, -7.247666, 182, 165, 5978
-7.200951, -7.371333, 182, 165, 5988
-7.200951, -7.459981, 182, 165, 5998
-7.200951, -7.544672, 182, 165, 6008
-7.200951, -7.622213, 182, 165, 6018
-10.41341, -7.695775, 192, 165, 6028
-10.41341, -7.787643, 192, 165, 6038
-10.41341, -7.868938, 192, 165, 6048
-10.41341, -7.94058, 192, 165, 6058
-10.41341, -8.032681, 192, 165, 6068
-10.41341, -8.10914, 192, 165, 6078
-10.41341, -8.154855, 192, 165, 6088
-10.41341, -8.205338, 192, 165, 6098
-10.41341, -8.262199, 192, 165, 6108
-10.41341, -8.347165, 192, 165, 6118
-10.38768, -8.418142, 192, 164, 6128
-10.38768, -8.480935, 192, 164, 6138
-10.38768, -8.556521, 192, 164, 6148
-10.38768, -8.604921, 192, 164, 6158
-10.38768, -8.658194, 192, 164, 6168
-10.38768, -8.704664, 192, 164, 6178
-10.38768, -8.73947, 192, 164, 6188
-10.38768, -8.800706, 192, 164, 6198
-10.38768, -8.868097, 192, 164, 6208
-10.38768, -8.917479, 192, 164, 6218
-10.38768, -8.963425, 192, 164, 6228
-10.38768, -9.018852, 192, 164, 6238
-10.38768, -9.062686, 192, 164, 6248
-10.38768, -9.083941, 192, 164, 6258
-10.38768, -9.11632, 192, 164, 6268
-10.38768, -9.145917, 192, 164, 6278
-10.38768, -9.164956, 192, 164, 6288
-10.38768, -9.184738, 192, 164, 6298
-10.38768, -9.207309, 192, 164, 6308
-10.38768, -9.233698, 192, 164, 6318
-10.38768, -9.259119, 192, 164, 6328
-10.38768, -9.285572, 192, 164, 6338
-10.38768, -9.320391, 192, 164, 6348
-10.38768, -9.352273, 192, 164, 6358
-10.38768, -9.37816, 192, 164, 6368
-10.38768, -9.383287, 192, 164, 6378
-10.38768, -9.359619, 192, 164, 6388
-10.38768, -9.343402, 192, 164, 6398
-10.38768, -9.323409, 192, 164, 6408
-10.38768, -9.300898, 192, 164, 6418
-10.7049, -9.293312, 193, 164, 6428
-10.7049, -9.304597, 193, 164, 6438
-10.7049, -9.308898, 193, 164, 6448
-10.7049, -9.298716, 193, 164, 6458
-10.7049, -9.294033, 193, 164, 6468
-10.7049, -9.288445, 193, 164, 6478
-10.7049, -9.28868, 193, 164, 6488
-10.7049, -9.293551, 193, 164, 6498
-10.7049, -9.288809, 193, 164, 6508
-10.7049, -9.27062, 193, 164, 6518
-10.67855, -9.243455, 193, 163, 6528
-10.67855, -9.197969, 193, 163, 6538
-10.67855, -9.134498, 193, 163, 6548
-10.67855, -9.055092, 193, 163, 6558
-10.67855, -8.973031, 193, 163, 6568
-10.67855, -8.973031, 193, 163, 6578
-10.67855, -8.877879, 193, 163, 6588
-10.67855, -8.767467, 193, 163, 6598
-10.67855, -8.636089, 193, 163, 6608
-10.67855, -8.429647, 193, 163, 6618
-10.67855, -8.123688, 193, 163, 6628
-10.67855, -7.79488, 193, 163, 6638
-10.67855, -7.399695, 193, 163, 6648
-10.67855, -6.916836, 193, 163, 6658
-10.67855, -6.388899, 193, 163, 6668
-10.67855, -5.820807, 193, 163, 6678
-10.67855, -5.19922, 193, 163, 6688
0, -4.528566, -1, -1, 6698
0, -3.82705, -1, -1, 6708
0.9845599, -3.098449, 157, 164, 6718
0.9845599, -2.350026, 157, 164, 6728
0.9845599, -1.602276, 157, 164, 6738
0.9845599, -0.8709581, 157, 164, 6748
0.9845599, -0.1639424, 157, 164, 6758
0.9845599, 1.606776, 157, 164, 6768
0.9845599, 2.0633, 157, 164, 6778
0.9845599, 2.448786, 157, 164, 6788
0.9845599, 2.776371, 157, 164, 6798
0.9845599, 3.058516, 157, 164, 6808
1.640646, 3.29414, 155, 164, 6818
1.640646, 3.472105, 155, 164, 6828
1.640646, 3.616318, 155, 164, 6838
1.640646, 3.762591, 155, 164, 6848
1.640646, 3.898132, 155, 164, 6858
1.640646, 4.017897, 155, 164, 6868
1.640646, 4.156611, 155, 164, 6878
1.640646, 4.319591, 155, 164, 6888
1.640646, 4.461415, 155, 164, 6898
1.640646, 4.60149, 155, 164, 6908
4.269732, 4.771282, 147, 165, 6918
4.269732, 4.771282, 147, 165, 6928
4.269732, 4.948537, 147, 165, 6938
4.269732, 5.110595, 147, 165, 6948
4.269732, 5.295494, 147, 165, 6958
4.269732, 5.507135, 147, 165, 6968
4.269732, 5.70131, 147, 165, 6978
4.269732, 5.912031, 147, 165, 6988
4.269732, 6.136129, 147, 165, 6998
4.269732, 6.339653, 147, 165, 7008
4.923599, 6.546216, 145, 165, 7018
4.923599, 6.746336, 145, 165, 7028
4.923599, 6.936479, 145, 165, 7038
4.923599, 7.125113, 145, 165, 7048
4.923599, 7.286665, 145, 165, 7058
4.923599, 7.443048, 145, 165, 7068
4.923599, 7.610248, 145, 165, 7078
4.923599, 7.741413, 145, 165, 7088
4.923599, 7.858052, 145, 165, 7098
4.923599, 7.990682, 145, 165, 7108
5.887136, 8.103447, 142, 164, 7118
5.887136, 8.212296, 142, 164, 7128
5.887136, 8.305998, 142, 164, 7138
5.887136, 8.407553, 142, 164, 7148
5.887136, 8.516656, 142, 164, 7158
5.887136, 8.613564, 142, 164, 7168
5.887136, 8.700701, 142, 164, 7178
5.887136, 8.787114, 142, 164, 7188
5.887136, 8.877672, 142, 164, 7198
5.887136, 8.96409, 142, 164, 7208
6.535882, 9.03375, 140, 164, 7218
6.535882, 9.116677, 140, 164, 7228
6.535882, 9.20107, 140, 164, 7238
6.535882, 9.269651, 140, 164, 7248
6.535882, 9.321019, 140, 164, 7258
6.535882, 9.374776, 140, 164, 7268
6.535882, 9.42154, 140, 164, 7278
6.535882, 9.471789, 140, 164, 7288
6.535882, 9.525011, 140, 164, 7298
6.535882, 9.570734, 140, 164, 7308
7.524596, 9.606422, 137, 165, 7318
7.524596, 9.656044, 137, 165, 7328
7.524596, 9.723492, 137, 165, 7338
7.524596, 9.777032, 137, 165, 7348
7.524596, 9.826059, 137, 165, 7358
7.524596, 9.880155, 137, 165, 7368
7.524596, 9.919877, 137, 165, 7378
7.524596, 9.937324, 137, 165, 7388
7.524596, 9.955886, 137, 165, 7398
7.524596, 9.984363, 137, 165, 7408
8.170422, 10.00364, 135, 165, 7418
8.170422, 10.02451, 135, 165, 7428
8.170422, 10.04978, 135, 165, 7438
8.170422, 10.08319, 135, 165, 7448
8.170422, 10.12648, 135, 165, 7458
8.170422, 10.15084, 135, 165, 7468
8.170422, 10.13563, 135, 165, 7478
8.170422, 10.12371, 135, 165, 7488
8.170422, 10.11213, 135, 165, 7498
8.170422, 10.07812, 135, 165, 7508
8.492561, 10.04832, 134, 165, 7518
8.492561, 10.0465, 134, 165, 7528
8.492561, 10.05844, 134, 165, 7538
8.492561, 10.05871, 134, 165, 7548
8.492561, 10.06331, 134, 165, 7558
8.492561, 10.0621, 134, 165, 7568
8.492561, 10.05373, 134, 165, 7578
8.492561, 10.0482, 134, 165, 7588
8.492561, 10.05124, 134, 165, 7598
8.492561, 10.05804, 134, 165, 7608
8.492561, 10.06393, 134, 165, 7618
8.492561, 10.05552, 134, 165, 7628
8.492561, 10.0345, 134, 165, 7638
8.492561, 10.00141, 134, 165, 7648
8.492561, 9.958575, 134, 165, 7658
8.492561, 9.900669, 134, 165, 7668
8.492561, 9.823185, 134, 165, 7678
8.492561, 9.728108, 134, 165, 7688
8.492561, 9.62391, 134, 165, 7698
8.492561, 9.407524, 134, 165, 7708
8.492561, 9.07679, 134, 165, 7718
8.492561, 8.723075, 134, 165, 7728
8.492561, 8.28318, 134, 165, 7738
8.492561, 7.76091, 134, 165, 7748
8.492561, 7.186451, 134, 165, 7758
8.492561, 6.568888, 134, 165, 7768
8.492561, 5.91144, 134, 165, 7778
8.492561, 5.226945, 134, 165, 7788
0, 4.518197, -1, -1, 7798
0, 3.785211, -1, -1, 7808
0, 3.054844, -1, -1, 7818
0, 2.335184, -1, -1, 7828
0, 1.621605, -1, -1, 7838
0, 0.9242171, -1, -1, 7848
0, 0.2564228, -1, -1, 7858
0, -0.3723892, -1, -1, 7868
0, -0.94819, -1, -1, 7878
0, -1.470921, -1, -1, 7888
0, -1.944195, -1, -1, 7898
0, -2.360901, -1, -1, 7908
-4.269732, -2.716316, 173, 165, 7918
-4.269732, -3.01297, 173, 165, 7928
-4.269732, -3.253261, 173, 165, 7938
-4.269732, -3.438948, 173, 165, 7948
-4.269732, -3.574821, 173, 165, 7958
-4.269732, -3.682006, 173, 165, 7968
-4.269732, -3.766194, 173, 165, 7978
-4.269732, -3.825366, 173, 165, 7988
-4.269732, -3.87065, 173, 165, 7998
-4.269732, -3.894594, 173, 165, 8008
-6.876843, -3.928314, 181, 165, 8018
-6.876843, -3.978835, 181, 165, 8028
-6.876843, -4.025627, 181, 165, 8038
-6.876843, -4.10272, 181, 165, 8048
-6.876843, -4.219737, 181, 165, 8058
-6.876843, -4.343909, 181, 165, 8068
-6.876843, -4.497365, 181, 165, 8078
-6.876843, -4.662167, 181, 165, 8088
-6.876843, -4.855841, 181, 165, 8098
-6.876843, -5.071085, 181, 165, 8108
-9.135203, -5.292035, 188, 165, 8118
-9.135203, -5.509621, 188, 165, 8128
-9.135203, -5.746514, 188, 165, 8138
-9.135203, -5.965922, 188, 165, 8148
-9.135203, -6.176534, 188, 165, 8158
-9.135203, -6.394969, 188, 165, 8168
-9.135203, -6.58198, 188, 165, 8178
-9.135203, -6.757962, 188, 165, 8188
-9.135203, -6.937644, 188, 165, 8198
-9.135203, -7.089579, 188, 165, 8208
-8.792243, -7.223906, 187, 164, 8218
-8.792243, -7.364975, 187, 164, 8228
-8.792243, -7.473806, 187, 164, 8238
-8.792243, -7.559677, 187, 164, 8248
-8.792243, -7.634434, 187, 164, 8258
-8.792243, -7.714209, 187, 164, 8268
-8.792243, -7.775783, 187, 164, 8278
-8.792243, -7.839877, 187, 164, 8288
-8.792243, -7.906931, 187, 164, 8298
-8.792243, -7.953134, 187, 164, 8308
-9.135203, -7.995943, 188, 165, 8318
-9.135203, -8.031323, 188, 165, 8328
-9.135203, -8.060816, 188, 165, 8338
-9.135203, -8.084624, 188, 165, 8348
-9.135203, -8.110598, 188, 165, 8358
-9.135203, -8.153173, 188, 165, 8368
-9.135203, -8.198359, 188, 165, 8378
-9.135203, -8.250764, 188, 165, 8388
-9.135203, -8.328753, 188, 165, 8398
-9.135203, -8.408048, 188, 165, 8408
-9.432209, -8.475249, 189, 164, 8418
-9.432209, -8.547887, 189, 164, 8428
-9.432209, -8.618248, 189, 164, 8438
-9.432209, -8.667108, 189, 164, 8448
-9.432209, -8.722074, 189, 164, 8458
-9.432209, -8.784911, 189, 164, 8468
-9.432209, -8.846977, 189, 164, 8478
-9.432209, -8.895142, 189, 164, 8488
-9.432209, -8.943897, 189, 164, 8498
-9.432209, -8.984444, 189, 164, 8508
-9.432209, -9.003539, 189, 164, 8518
-9.432209, -9.022103, 189, 164, 8528
-9.751314, -9.052496, 190, 164, 8538
-9.751314, -9.073086, 190, 164, 8548
-9.751314, -9.096405, 190, 164, 8558
-9.751314, -9.115608, 190, 164, 8568
-9.751314, -9.115746, 190, 164, 8578
-9.751314, -9.121636, 190, 164, 8588
-9.751314, -9.129902, 190, 164, 8598
-9.751314, -9.139672, 190, 164, 8608
-9.751314, -9.156156, 190, 164, 8618
-9.751314, -9.149698, 190, 164, 8628
-10.09479, -9.118378, 191, 165, 8638
-10.09479, -9.088134, 191, 165, 8648
-10.09479, -9.054696, 191, 165, 8658
-10.09479, -9.054696, 191, 165, 8668
-10.09479, -9.027122, 191, 165, 8678
-10.09479, -9.020741, 191, 165, 8688
-10.09479, -9.03542, 191, 165, 8698
-10.09479, -9.043962, 191, 165, 8708
-10.09479, -9.039676, 191, 165, 8718
-10.09479, -9.032903, 191, 165, 8728
-10.09479, -9.023655, 191, 165, 8738
-10.09479, -9.030049, 191, 165, 8748
-10.09479, -9.037956, 191, 165, 8758
-10.09479, -9.03628, 191, 165, 8768
-10.09479, -9.026584, 191, 165, 8778
-10.09479, -9.006086, 191, 165, 8788
-10.09479, -8.964795, 191, 165, 8798
-10.09479, -8.902023, 191, 165, 8808
-10.09479, -8.830969, 191, 165, 8818
-10.09479, -8.750817, 191, 165, 8828
0, -8.652768, -1, -1, 8838
0, -8.526279, -1, -1, 8848
0, -8.369893, -1, -1, 8858
0, -8.153328, -1, -1, 8868
0, -7.838339, -1, -1, 8878
0, -7.466379, -1, -1, 8888
0, -7.049774, -1, -1, 8898
0, -6.558484, -1, -1, 8908
0, -6.006744, -1, -1, 8918
0, -5.413501, -1, -1, 8928
0, -4.791409, -1, -1, 8938
0, -4.129608, -1, -1, 8948
0, -3.422508, -1, -1, 8958
0, -2.694737, -1, -1, 8968
0, -1.960721, -1, -1, 8978
0, -1.241523, -1, -1, 8988
0, -0.5383682, -1, -1, 8998
0, 0.1350314, -1, -1, 9008
0, 0.760542, -1, -1, 9018
0, 1.327236, -1, -1, 9028
1.973521, 1.83739, 154, 165, 9038
1.973521, 2.289547, 154, 165, 9048
1.973521, 2.684407, 154, 165, 9058
1.973521, 3.032579, 154, 165, 9068
1.973521, 3.331292, 154, 165, 9078
1.973521, 3.578559, 154, 165, 9088
1.973521, 3.792818, 154, 165, 9098
1.973521, 3.972908, 154, 165, 9108
1.973521, 4.132063, 154, 165, 9118
1.973521, 4.293867, 154, 165, 9128
2.630552, 4.4633, 152, 165, 9138
2.630552, 4.613496, 152, 165, 9148
2.630552, 4.765992, 152, 165, 9158
2.630552, 4.946164, 152, 165, 9168
2.630552, 5.121814, 152, 165, 9178
2.630552, 5.297348, 152, 165, 9188
2.630552, 5.497165, 152, 165, 9198
2.630552, 5.695859, 152, 165, 9208
2.630552, 5.887756, 152, 165, 9218
2.630552, 6.100121, 152, 165, 9228
6.227318, 6.302351, 141, 165, 9238
6.227318, 6.500025, 141, 165, 9248
6.227318, 6.70734, 141, 165, 9258
6.227318, 6.901418, 141, 165, 9268
6.227318, 7.095579, 141, 165, 9278
6.227318, 7.289042, 141, 165, 9288
6.227318, 7.461831, 141, 165, 9298
6.227318, 7.640078, 141, 165, 9308
6.227318, 7.795498, 141, 165, 9318
6.227318, 7.936322, 141, 165, 9328
6.552292, 8.074335, 140, 165, 9338
6.552292, 8.21641, 140, 165, 9348
6.552292, 8.339493, 140, 165, 9358
6.552292, 8.464705, 140, 165, 9368
6.552292, 8.577105, 140, 165, 9378
6.552292, 8.698266, 140, 165, 9388
6.552292, 8.802021, 140, 165, 9398
6.552292, 8.893957, 140, 165, 9408
6.552292, 8.993889, 140, 165, 9418
6.552292, 9.082078, 140, 165, 9428
7.200951, 9.16455, 138, 165, 9438
7.200951, 9.241472, 138, 165, 9448
7.200951, 9.315788, 138, 165, 9458
7.200951, 9.375881, 138, 165, 9468
7.200951, 9.415399, 138, 165, 9478
7.200951, 9.471505, 138, 165, 9488
7.200951, 9.515196, 138, 165, 9498
7.200951, 9.548732, 138, 165, 9508
7.200951, 9.597631, 138, 165, 9518
7.200951, 9.645518, 138, 165, 9528
7.543482, 9.691084, 137, 166, 9538
7.543482, 9.752074, 137, 166, 9548
7.543482, 9.823079, 137, 166, 9558
7.543482, 9.88212, 137, 166, 9568
7.543482, 9.916497, 137, 166, 9578
7.543482, 9.956729, 137, 166, 9588
7.543482, 10.00083, 137, 166, 9598
7.543482, 10.05035, 137, 166, 9608
7.543482, 10.08409, 137, 166, 9618
7.543482, 10.10986, 137, 166, 9628
8.170422, 10.14674, 135, 165, 9638
8.170422, 10.16177, 135, 165, 9648
8.170422, 10.17137, 135, 165, 9658
8.170422, 10.19146, 135, 165, 9668
8.170422, 10.21903, 135, 165, 9678
8.170422, 10.22718, 135, 165, 9688
8.170422, 10.24545, 135, 165, 9698
8.170422, 10.2799, 135, 165, 9708
8.170422, 10.28939, 135, 165, 9718
8.170422, 10.26567, 135, 165, 9728
8.492561, 10.25486, 134, 165, 9738
8.492561, 10.24114, 134, 165, 9748
8.492561, 10.20879, 134, 165, 9758
8.492561, 10.19559, 134, 165, 9768
8.492561, 10.19981, 134, 165, 9778
8.492561, 10.20748, 134, 165, 9788
8.492561, 10.20646, 134, 165, 9798
8.492561, 10.19588, 134, 165, 9808
8.492561, 10.18513, 134, 165, 9818
8.492561, 10.18498, 134, 165, 9828
8.471418, 10.19338, 134, 164, 9838
8.471418, 10.19254, 134, 164, 9848
8.471418, 10.18741, 134, 164, 9858
8.471418, 10.19247, 134, 164, 9868
8.471418, 10.18646, 134, 164, 9878
8.471418, 10.16467, 134, 164, 9888
8.471418, 10.12848, 134, 164, 9898
8.471418, 10.07962, 134, 164, 9908
8.471418, 10.01369, 134, 164, 9918
8.471418, 9.92033, 134, 164, 9928
8.471418, 9.825294, 134, 164, 9938
8.471418, 9.705306, 134, 164, 9948
8.471418, 9.42889, 134, 164, 9958
8.471418, 9.079052, 134, 164, 9968
8.471418, 8.704216, 134, 164, 9978
8.471418, 8.225068, 134, 164, 9988
8.471418, 7.671453, 134, 164, 9998
8.471418, 7.071372, 134, 164, 10008
0, 6.435796, -1, -1, 10018
0, 5.771709, -1, -1, 10028
0, 5.082077, -1, -1, 10038
0, 4.374439, -1, -1, 10048
0, 3.648669, -1, -1, 10058
0, 2.930139, -1, -1, 10068
0, 2.225483, -1, -1, 10078
0, 1.532201, -1, -1, 10088
0, 0.8573583, -1, -1, 10098
0, 0.2144011, -1, -1, 10108
0, -0.3900578, -1, -1, 10118
0, -0.9457369, -1, -1, 10128
-5.250062, -1.450154, 176, 165, 10138
-5.250062, -1.909677, 176, 165, 10148
-5.250062, -2.316917, 176, 165, 10158