dx, heading, dist, lfm CMD, lfm POS, lfm VEL, lfm TRQ, lbm CMD, lbm POS, lbm VEL, lbm TRQ, rfm CMD, rfm POS, rfm VEL, rfm TRQ, rbm CMD, rbm POS, rbm VEL, rbm TRQ
0, -0.0, 83.0, 0.0, 0.0, -0.0, 0.0, 0.0, 0.0, -0.0, 0.0, 0.0, 0.0, 0.0, 0.0, 0.0, 0.0, 0.0, 0.0
1, -0.0, 83.0, 0.0, 0.0, -0.0, 0.0, 0.0, 0.0, -0.0, 0.0, 0.0, 0.0, 0.0, 0.0, 0.0, 0.0, 0.0, 0.0
2, -0.0, 83.0, 0.0, 0.0, -0.0, 0.0, 0.0, 0.0, -0.0, 0.0, 0.0, 0.0, 0.0, 0.0, 0.0, 0.0, 0.0, 0.0
3, -0.0, 83.5, 0.0, 0.0, -0.0, 0.0, 0.0, 0.0, -0.0, 0.0, 0.0, 0.0, 0.0, 0.0, 0.0, 0.0, 0.0, 0.0
4, -0.0, 83.5, 0.0, 0.0, -0.0, 0.0, 0.0, 0.0, -0.0, 0.0, 0.0, 0.0, 0.0, 0.0, 0.0, 0.0, 0.0, 0.0
5, -0.0, 83.0, 0.0, 0.0, -0.0, 0.0, 0.0, 0.0, -0.0, 0.0, 0.0, 0.0, 0.0, 0.0, 0.0, 0.0, 0.0, 0.0
6, -0.1, 83.0, 0.0, 0.0, -0.0, 0.0, 0.0, 0.0, -0.0, 0.0, 0.0, 0.0, 0.0, 0.0, 0.0, 0.0, 0.0, 0.0
7, -0.0, 83.0, 0.0, 0.0, -0.0, 0.0, 0.0, 0.0, -0.0, 0.0, 0.0, 0.0, 0.0, 0.0, 0.0, 0.0, 0.0, 0.0
8, -0.0, 83.5, 0.0, 0.0, -0.0, 0.0, 0.0, 0.0, -0.0, 0.0, 0.0, 0.0, 0.0, 0.0, 0.0, 0.0, 0.0, 0.0
9, -0.0, 83.0, 0.0, 0.0, -0.0, 0.0, 0.0, 0.0, -0.0, 0.0, 0.0, 0.0, 0.0, 0.0, 0.0, 0.0, 0.0, 0.0
10, -0.0, 83.0, 0.0, 0.0, -0.0, 0.0, 0.0, 0.0, -0.0, 0.0, 0.0, 0.0, 0.0, 0.0, 0.0, 0.0, 0.0, 0.0
11, -0.0, 83.0, 0.0, 0.0, -0.0, 0.0, 0.0, 0.0, -0.0, 0.0, 0.0, 0.0, 0.0, 0.0, 0.0, 0.0, 0.0, 0.0
12, -0.0, 83.0, 0.0, 0.0, -0.0, 0.0, 0.0, 0.0, -0.0, 0.0, 0.0, 0.0, 0.0, 0.0, 0.0, 0.0, 0.0, 0.0
13, -0.0, 83.0, 0.0, 0.0, -0.0, 0.0, 0.0, 0.0, -0.0, 0.0, 0.0, 0.0, 0.0, 0.0, 0.0, 0.0, 0.0, 0.0
14, -0.0, 83.0, 0.0, 0.0, -0.0, 0.0, 0.0, 0.0, -0.0, 0.0, 0.0, 0.0, 0.0, 0.0, 0.0, 0.0, 0.0, 0.0
15, -0.0, 83.0, 0.0, 0.0, -0.0, 0.0, 0.0, 0.0, -0.0, 0.0, 0.0, 0.0, 0.0, 0.0, 0.0, 0.0, 0.0, 0.0
16, -0.0, 83.0, 0.0, 0.0, -0.0, 0.0, 0.0, 0.0, -0.0, 0.0, 0.0, 0.0, 0.0, 0.0, 0.0, 0.0, 0.0, 0.0
17, -0.0, 83.0, 0.0, 0.0, -0.0, 0.0, 0.0, 0.0, -0.0, 0.0, 0.0, 0.0, 0.0, 0.0, 0.0, 0.0, 0.0, 0.0
18, -0.0, 83.0, 0.0, 0.0, -0.0, 0.0, 0.0, 0.0, -0.0, 0.0, 0.0, 0.0, 0.0, 0.0, 0.0, 0.0, 0.0, 0.0
19, -0.0, 83.5, 0.0, 0.0, -0.0, 0.0, 0.0, 0.0, -0.0, 0.0, 0.0, 0.0, 0.0, 0.0, 0.0, 0.0, 0.0, 0.0
20, -0.0, 83.5, 0.0, 0.0, -0.0, 0.0, 0.0, 0.0, -0.0, 0.0, 0.0, 0.0, 0.0, 0.0, 0.0, 0.0, 0.0, 0.0
21, -0.0, 83.5, 0.0, 0.0, -0.0, 0.0, 0.0, 0.0, -0.0, 0.0, 0.0, 0.0, 0.0, 0.0, 0.0, 0.0, 0.0, 0.0
22, -0.0, 83.5, 0.0, 0.0, -0.0, 0.0, 0.0, 0.0, -0.0, 0.0, 0.0, 0.0, 0.0, 0.0, 0.0, 0.0, 0.0, 0.0
23, -0.0, 83.0, 0.0, 0.0, -0.0, 0.0, 0.0, 0.0, -0.0, 0.0, 0.0, 0.0, 0.0, 0.0, 0.0, 0.0, 0.0, 0.0
24, -0.0, 83.0, 0.0, 0.0, -0.0, 0.0, 0.0, 0.0, -0.0, 0.0, 0.0, 0.0, 0.0, 0.0, 0.0, 0.0, 0.0, 0.0
25, -0.0, 83.0, 0.0, 0.0, -0.0, 0.0, 0.0, 0.0, -0.0, 0.0, 0.0, 0.0, 0.0, 0.0, 0.0, 0.0, 0.0, 0.0
26, -0.0, 83.5, 0.0, 0.0, -0.0, 0.0, 0.0, 0.0, -0.0, 0.0, 0.0, 0.0, 0.0, 0.0, 0.0, 0.0, 0.0, 0.0
27, -0.0, 83.5, 0.0, 0.0, -0.0, 0.0, 0.0, 0.0, -0.0, 0.0, 0.0, 0.0, 0.0, 0.0, 0.0, 0.0, 0.0, 0.0
28, -0.0, 83.0, 0.0, 0.0, -0.0, 0.0, 0.0, 0.0, -0.0, 0.0, 0.0, 0.0, 0.0, 0.0, 0.0, 0.0, 0.0, 0.0
29, -0.0, 83.0, 0.0, 0.0, -0.0, 0.0, 0.0, 0.0, -0.0, 0.0, 0.0, 0.0, 0.0, 0.0, 0.0, 0.0, 0.0, 0.0
30, -0.0, 82.5, 0.0, 0.0, -0.0, 0.0, 0.0, 0.0, -0.0, 0.0, 0.0, 0.0, 0.0, 0.0, 0.0, 0.0, 0.0, 0.0
31, -0.0, 83.0, 0.0, 0.0, -0.0, 0.0, 0.0, 0.0, -0.0, 0.0, 0.0, 0.0, 0.0, 0.0, 0.0, 0.0, 0.0, 0.0
32, -0.0, 83.0, 0.0, 0.0, -0.0, 0.0, 0.0, 0.0, -0.0, 0.0, 0.0, 0.0, 0.0, 0.0, 0.0, 0.0, 0.0, 0.0
33, -0.0, 83.5, 0.0, 0.0, -0.0, 0.0, 0.0, 0.0, -0.0, 0.0, 0.0, 0.0, 0.0, 0.0, 0.0, 0.0, 0.0, 0.0
34, -0.0, 83.5, 0.0, 0.0, -0.0, 0.0, 0.0, 0.0, -0.0, 0.0, 0.0, 0.0, 0.0, 0.0, 0.0, 0.0, 0.0, 0.0
35, -0.0, 84.0, 0.0, 0.0, -0.0, 0.0, 0.0, 0.0, -0.0, 0.0, 0.0, 0.0, 0.0, 0.0, 0.0, 0.0, 0.0, 0.0
36, -0.0, 84.0, 0.0, 0.0, -0.0, 0.0, 0.0, 0.0, -0.0, 0.0, 0.0, 0.0, 0.0, 0.0, 0.0, 0.0, 0.0, 0.0
37, -0.0, 83.5, 0.0, 0.0, -0.0, 0.0, 0.0, 0.0, -0.0, 0.0, 0.0, 0.0, 0.0, 0.0, 0.0, 0.0, 0.0, 0.0
38, -0.0, 83.0, 0.0, 0.0, -0.0, 0.0, 0.0, 0.0, -0.0, 0.0, 0.0, 0.0, 0.0, 0.0, 0.0, 0.0, 0.0, 0.0
39, -0.0, 83.0, 0.0, 0.0, -0.0, 0.0, 0.0, 0.0, -0.0, 0.0, 0.0, 0.0, 0.0, 0.0, 0.0, 0.0, 0.0, 0.0
40, -0.0, 83.0, 0.0, 0.0, -0.0, 0.0, 0.0, 0.0, -0.0, 0.0, 0.0, 0.0, 0.0, 0.0, 0.0, 0.0, 0.0, 0.0
41, -0.0, 83.0, 0.0, 0.0, -0.0, 0.0, 0.0, 0.0, -0.0, 0.0, 0.0, 0.0, 0.0, 0.0, 0.0, 0.0, 0.0, 0.0
42, -0.0, 83.0, 2.0, 0.0, -0.0, 0.0, 0.0, 0.0, -0.0, 0.0, -0.0, 0.0, 0.0, 0.0, 2.0, 0.0, 0.0, 0.0
43, -0.0, 83.0, 3.5, 0.0, -0.0, 0.0, 0.6, 0.0, -0.0, 0.0, 0.5, 0.0, 0.0, 0.0, 3.4, 0.0, 0.0, 0.0
44, -0.0, 83.5, 4.5, 0.0, -0.0, 0.0, 1.6, 0.0, -0.0, 0.0, 1.5, 0.0, 0.0, 0.0, 4.4, 0.0, 0.0, 0.0
45, -0.0, 83.0, 5.5, 0.0, -0.0, 0.0, 2.7, 0.0, -0.0, 0.0, 2.5, 0.0, 0.0, 0.0, 5.3, 0.0, 0.0, 0.0
46, -0.0, 83.0, 6.5, 0.0, 2.3, 0.0, 3.7, 0.0, -0.0, 0.0, 3.5, 0.0, 0.0, 0.0, 6.3, 0.0, 0.0, 0.0
47, -0.0, 82.5, 7.3, 0.0, 2.3, 0.0, 4.8, 0.0, 1.6, 0.0, 4.7, 0.0, 0.0, 0.0, 7.2, 0.0, 0.0, 0.0
48, -0.0, 82.5, 8.3, 0.0, 2.3, 0.0, 5.8, 0.0, 1.6, 0.0, 5.7, 0.0, 0.0, 0.0, 8.2, 0.0, 0.0, 0.0
49, -0.0, 82.5, 9.3, 0.0, 2.3, 0.0, 6.8, 0.0, 1.6, 0.0, 6.7, 0.0, 0.0, 0.0, 9.2, 0.0, 0.0, 0.0
50, -0.0, 82.5, 10.3, 0.0, 2.3, 0.0, 7.8, 0.0, 1.6, 0.0, 7.7, 0.0, 0.0, 0.0, 10.2, 0.0, 0.0, 0.0
51, -0.0, 82.5, 11.4, 0.0, 2.3, 0.0, 8.7, 0.0, 1.6, 0.0, 8.6, 0.0, 0.0, 0.0, 11.3, 0.0, 0.0, 0.0
52, -0.0, 82.5, 12.3, 0.0, 2.3, 0.1, 9.7, 0.0, 1.6, 0.0, 9.7, 0.0, 0.0, 0.0, 12.3, 0.0, 0.0, 0.0
53, -0.0, 82.5, 13.4, 0.0, 1.6, 0.1, 10.7, 0.0, 1.6, 0.0, 10.6, 0.0, 0.0, 0.0, 13.3, 0.0, 0.0, 0.0
54, -0.0, 83.0, 14.4, 0.0, 1.6, 2.3, 11.7, 0.0, 1.6, 0.0, 11.6, 0.0, 0.0, 0.0, 14.3, 0.0, 0.0, 0.0
55, -0.0, 83.0, 15.4, 0.0, 2.3, 4.3, 12.7, 0.0, 1.5, 0.2, 12.6, 0.0, 0.0, 0.0, 15.3, 0.0, 0.0, 0.0
56, -0.0, 83.0, 16.4, 0.0, 8.2, 5.8, 13.7, 0.0, 1.5, 1.9, 13.6, 0.0, 1.7, 0.0, 16.3, 0.0, 5.0, 0.5
57, -0.0, 83.0, 17.4, 0.0, 9.1, 7.3, 14.7, 0.0, 2.1, 3.1, 14.6, 0.0, 1.7, 0.0, 17.3, 0.0, 5.7, 2.3
58, -0.0, 82.5, 18.4, 0.0, 8.2, 9.0, 15.7, 0.0, 4.1, 4.9, 15.6, 0.0, 2.9, 0.0, 18.3, 0.0, 8.0, 4.1
59, -0.0, 82.5, 19.3, 0.0, 6.0, 10.1, 16.7, 0.0, 4.1, 7.9, 16.7, 0.0, 5.4, 0.0, 19.3, 0.0, 7.9, 6.9
60, 0.0, 82.5, 20.3, 0.0, 6.0, 12.3, 17.6, 0.0, 4.1, 12.4, 17.7, 0.0, 7.6, 0.0, 20.4, 0.0, 7.9, 12.1
61, 0.0, 83.0, 21.1, 0.0, 3.8, 16.5, 18.7, 0.0, 4.1, 16.0, 18.9, 0.0, 8.0, 0.0, 21.3, 0.0, 7.9, 17.7
62, 0.1, 83.0, 22.0, 0.1, 3.2, 20.4, 19.9, 0.0, 4.6, 20.9, 20.0, 0.0, 7.0, 1.6, 22.1, 0.0, 3.1, 24.0
63, 0.1, 83.0, 23.0, 0.1, 3.1, 27.1, 20.8, 0.0, 4.5, 26.2, 21.0, 0.0, 7.0, 5.0, 23.2, 0.0, 2.9, 30.3
64, 0.0, 83.0, 24.0, 0.1, 4.2, 32.5, 21.9, 0.0, 3.7, 33.2, 22.0, 0.0, 4.3, 10.0, 24.1, 0.0, 2.5, 37.8
65, 0.1, 83.5, 24.7, 0.1, 5.4, 37.8, 23.1, 0.0, 3.5, 39.1, 23.3, 0.0, 4.3, 15.9, 24.9, 0.0, 4.1, 44.0
66, 0.1, 83.5, 25.6, 0.1, 6.8, 42.8, 24.1, 0.0, 3.9, 44.9, 24.4, 0.0, 2.6, 22.5, 25.9, 0.0, 4.1, 52.1
67, 0.1, 83.5, 26.3, 0.1, 8.0, 48.5, 24.8, 0.1, 5.9, 51.7, 25.1, 0.1, 2.6, 29.2, 26.7, 0.1, 5.3, 57.9
68, 0.2, 84.0, 26.3, 0.1, 10.2, 53.1, 24.8, 0.1, 6.1, 58.7, 25.3, 0.1, 6.7, 34.8, 26.8, 0.1, 6.1, 65.8
69, 0.2, 84.0, 25.8, 0.1, 15.3, 56.4, 24.2, 0.1, 9.4, 64.4, 24.9, 0.1, 6.5, 39.9, 26.4, 0.1, 9.0, 74.6
70, 0.2, 85.0, 25.7, 0.1, 19.7, 58.8, 24.4, 0.1, 9.7, 69.8, 25.1, 0.1, 8.7, 44.5, 26.4, 0.1, 10.5, 82.8
71, 0.3, 85.0, 24.4, 0.2, 23.2, 59.6, 23.0, 0.1, 10.7, 75.7, 23.8, 0.1, 18.2, 48.7, 25.2, 0.1, 12.8, 88.9
72, 0.3, 86.5, 24.3, 0.2, 25.9, 58.1, 23.4, 0.1, 13.9, 81.4, 24.3, 0.1, 22.3, 50.1, 25.2, 0.1, 15.3, 96.0
73, 0.3, 86.5, 23.2, 0.2, 27.8, 55.6, 22.1, 0.1, 15.9, 85.7, 23.2, 0.1, 28.1, 49.5, 24.2, 0.1, 18.5, 104.5
74, 0.4, 88.0, 23.2, 0.2, 29.1, 52.3, 22.5, 0.1, 17.2, 89.5, 23.7, 0.2, 31.6, 46.8, 24.3, 0.1, 18.9, 107.0
75, 0.4, 88.0, 20.7, 0.3, 28.3, 48.6, 19.9, 0.2, 20.2, 93.0, 21.2, 0.2, 30.9, 42.1, 22.0, 0.2, 17.5, 107.5
76, 0.5, 91.0, 20.8, 0.3, 26.9, 45.8, 20.5, 0.2, 24.1, 93.2, 21.9, 0.2, 29.3, 36.7, 22.2, 0.2, 21.1, 108.5
77, 0.5, 94.0, 18.9, 0.3, 27.8, 44.0, 18.5, 0.2, 25.5, 92.2, 20.1, 0.3, 24.8, 32.8, 20.5, 0.2, 23.5, 107.3
78, 0.5, 94.0, 19.1, 0.3, 27.7, 42.4, 19.3, 0.2, 26.8, 89.4, 21.0, 0.3, 19.9, 31.5, 20.7, 0.2, 26.6, 102.2
79, 0.6, 98.0, 15.7, 0.4, 27.3, 40.9, 15.6, 0.3, 26.0, 88.1, 17.3, 0.3, 20.4, 33.0, 17.4, 0.3, 31.2, 98.4
80, 0.6, 98.0, 16.6, 0.4, 28.4, 39.7, 16.9, 0.3, 26.4, 84.4, 18.7, 0.3, 22.2, 34.7, 18.4, 0.3, 32.5, 99.6
81, 0.6, 101.5, 12.6, 0.4, 28.5, 37.6, 12.8, 0.3, 26.5, 82.5, 14.6, 0.3, 24.3, 36.7, 14.5, 0.3, 33.6, 98.5
82, 0.6, 108.0, 13.4, 0.5, 29.4, 34.1, 13.9, 0.3, 26.9, 79.7, 15.7, 0.4, 25.6, 37.5, 15.2, 0.4, 32.9, 96.5
83, 0.6, 108.0, 10.0, 0.5, 28.2, 30.5, 10.4, 0.4, 28.5, 77.0, 12.2, 0.4, 25.7, 36.4, 11.8, 0.4, 33.7, 93.1
84, 0.6, 116.0, 10.9, 0.5, 28.2, 27.0, 11.5, 0.4, 27.8, 72.6, 13.2, 0.4, 27.0, 34.1, 12.6, 0.4, 32.6, 89.4
85, 0.5, 116.0, 6.3, 0.5, 26.6, 22.6, 6.8, 0.4, 28.1, 68.5, 8.3, 0.4, 27.0, 31.5, 7.9, 0.5, 32.5, 81.1
86, 0.5, 123.5, 7.5, 0.6, 24.7, 19.1, 8.2, 0.4, 27.6, 63.2, 9.6, 0.5, 26.8, 28.3, 8.9, 0.5, 34.2, 72.3
87, 0.4, 123.5, 3.7, 0.6, 24.5, 15.6, 4.4, 0.5, 28.0, 56.5, 5.6, 0.5, 26.7, 24.7, 4.9, 0.5, 33.4, 62.3
88, 0.3, 130.5, 5.1, 0.6, 24.9, 12.3, 5.8, 0.5, 26.5, 50.2, 6.8, 0.5, 26.0, 20.3, 6.0, 0.6, 33.3, 52.8
89, 0.2, 139.0, 0.5, 0.6, 24.8, 8.7, 1.4, 0.5, 25.0, 44.5, 2.1, 0.6, 26.3, 16.2, 1.2, 0.6, 32.7, 43.9
90, 0.2, 139.0, 2.1, 0.7, 22.1, 5.8, 3.0, 0.6, 24.1, 38.2, 3.5, 0.6, 25.1, 11.8, 2.6, 0.6, 29.8, 34.2
91, 0.1, 149.0, -2.9, 0.7, 20.0, 3.3, -2.1, 0.6, 23.7, 32.1, -1.7, 0.6, 24.2, 7.6, -2.6, 0.7, 27.8, 25.2
92, 0.1, 149.0, -1.3, 0.7, 17.8, 1.3, -0.5, 0.6, 22.5, 26.1, -0.3, 0.6, 22.3, 4.3, -1.1, 0.7, 25.6, 17.3
93, 0.0, 156.5, -5.9, 0.7, 15.3, 0.2, -4.8, 0.6, 21.3, 20.1, -4.7, 0.7, 18.1, 1.7, -5.7, 0.7, 22.8, 10.8
94, 0.0, 156.5, -4.1, 0.7, 11.9, 0.0, -3.1, 0.6, 19.1, 13.8, -3.0, 0.7, 15.8, 0.7, -4.0, 0.7, 19.6, 5.7
95, 0.0, 164.5, -8.0, 0.7, 10.1, 0.0, -7.0, 0.7, 17.2, 8.3, -6.9, 0.7, 13.7, 0.0, -7.9, 0.7, 16.0, 2.4
96, -0.1, 164.5, -6.4, 0.8, 14.2, 0.0, -5.4, 0.7, 14.4, 4.4, -5.6, 0.7, 10.7, 0.0, -6.5, 0.8, 14.0, 0.6
97, -0.2, 171.5, -9.8, 0.8, 13.8, 3.6, -8.2, 0.7, 11.3, 1.6, -8.9, 0.7, 8.7, 0.0, -10.5, 0.8, 9.5, 0.0
98, -0.4, 179.0, -7.5, 0.8, 10.2, 7.2, -6.7, 0.7, 8.7, 0.0, -7.9, 0.7, 7.7, 0.0, -8.8, 0.8, 10.4, 2.2
99, -0.5, 179.0, -10.8, 0.8, 8.1, 12.3, -9.7, 0.7, 7.5, 0.0, -11.3, 0.7, 16.0, 0.0, -12.5, 0.8, 11.0, 6.9
100, -0.6, 185.5, -9.4, 0.8, 6.6, 17.9, -8.1, 0.7, 7.5, 0.0, -10.0, 0.7, 14.6, 3.3, -11.3, 0.8, 10.2, 12.7
101, -0.7, 185.5, -11.3, 0.8, 5.5, 23.5, -10.0, 0.7, 7.5, 0.0, -12.2, 0.7, 9.7, 7.9, -13.5, 0.8, 9.0, 19.3
102, -0.7, 192.0, -9.6, 0.8, 4.1, 28.6, -9.3, 0.7, 7.5, 0.0, -11.6, 0.7, 6.6, 13.0, -11.8, 0.8, 9.0, 25.9
103, -0.6, 192.0, -10.6, 0.8, 4.1, 32.6, -10.3, 0.7, 7.5, 0.0, -12.3, 0.7, 5.5, 19.0, -12.6, 0.8, 9.0, 32.3
104, -0.6, 195.5, -9.8, 0.8, 4.1, 35.9, -9.6, 0.7, 7.5, 0.3, -11.3, 0.7, 5.5, 25.7, -11.6, 0.8, 5.3, 35.1
105, -0.5, 200.0, -10.3, 0.8, 4.1, 39.8, -10.2, 0.7, 7.2, 2.7, -11.7, 0.7, 5.5, 30.9, -11.9, 0.8, -3.3, 37.1
106, -0.4, 200.0, -9.6, 0.8, 1.7, 43.7, -9.8, 0.7, 7.2, 5.4, -11.0, 0.7, 1.6, 34.4, -10.9, 0.8, -5.3, 37.5
107, -0.3, 201.0, -9.5, 0.8, -0.0, 47.2, -9.0, 0.7, 7.2, 8.8, -10.1, 0.7, -2.0, 37.7, -10.5, 0.8, -6.8, 38.8
108, -0.3, 201.0, -10.0, 0.8, -6.0, 49.6, -9.7, 0.7, 6.0, 13.7, -10.6, 0.7, -6.3, 39.8, -10.8, 0.8, -8.4, 39.6
109, -0.2, 200.0, -9.0, 0.8, -8.3, 51.2, -8.8, 0.7, -0.0, 19.0, -9.4, 0.7, -8.0, 41.2, -9.6, 0.8, -11.5, 40.0
110, -0.1, 200.0, -8.4, 0.8, -8.9, 52.1, -9.1, 0.7, -3.8, 21.7, -9.4, 0.7, -8.8, 41.5, -8.7, 0.7, -13.2, 38.9
111, -0.0, 199.5, -6.8, 0.8, -9.5, 52.1, -7.3, 0.7, -7.0, 24.2, -7.4, 0.7, -9.6, 41.3, -7.0, 0.7, -13.8, 38.0
112, 0.0, 196.0, -7.5, 0.7, -11.1, 52.4, -8.7, 0.7, -7.0, 26.6, -8.7, 0.7, -10.8, 41.1, -7.4, 0.7, -14.2, 36.2
113, 0.1, 196.0, -5.5, 0.7, -12.7, 51.6, -6.7, 0.7, -7.5, 27.8, -6.5, 0.7, -10.0, 41.4, -5.3, 0.7, -15.0, 33.9
114, 0.1, 194.0, -5.2, 0.7, -14.3, 49.7, -7.2, 0.6, -9.0, 28.2, -6.9, 0.7, -10.2, 41.3, -4.9, 0.7, -13.9, 31.2
115, 0.1, 194.0, -4.0, 0.7, -14.4, 47.4, -5.8, 0.6, -9.2, 28.1, -5.5, 0.7, -10.6, 41.5, -3.6, 0.7, -13.9, 29.5
116, 0.1, 191.5, -3.8, 0.7, -14.1, 44.1, -6.5, 0.6, -9.7, 28.1, -6.1, 0.7, -11.0, 41.7, -3.3, 0.7, -14.0, 27.6
117, 0.2, 191.5, -1.6, 0.7, -14.6, 40.0, -4.2, 0.6, -10.7, 27.5, -3.7, 0.6, -12.3, 41.2, -1.1, 0.6, -14.1, 25.7
118, 0.2, 188.0, -2.1, 0.7, -14.9, 36.4, -4.5, 0.6, -11.3, 26.8, -3.9, 0.6, -13.2, 39.6, -1.6, 0.6, -14.6, 23.7
119, 0.2, 185.0, -0.9, 0.6, -14.7, 32.6, -3.1, 0.6, -12.0, 25.1, -2.6, 0.6, -13.6, 37.6, -0.3, 0.6, -14.2, 20.9
120, 0.2, 185.0, -1.0, 0.6, -13.4, 28.5, -3.8, 0.6, -12.6, 23.9, -3.2, 0.6, -13.2, 35.5, -0.4, 0.6, -13.2, 17.8
121, 0.2, 182.0, 1.1, 0.6, -12.4, 24.1, -0.9, 0.6, -12.3, 21.7, -0.3, 0.6, -12.6, 32.9, 1.7, 0.6, -12.9, 14.0
122, 0.2, 182.0, 0.1, 0.6, -12.4, 20.6, -2.4, 0.6, -11.6, 19.5, -1.8, 0.6, -12.2, 29.4, 0.7, 0.6, -11.6, 10.1
123, 0.2, 177.5, 2.2, 0.6, -11.3, 16.4, -0.1, 0.5, -11.9, 16.6, 0.5, 0.6, -11.7, 26.2, 2.8, 0.6, -10.6, 6.2
124, 0.2, 177.5, 1.7, 0.6, -9.1, 13.4, -0.7, 0.5, -11.3, 13.8, -0.1, 0.5, -11.7, 23.8, 2.3, 0.6, -9.0, 3.1
125, 0.2, 173.5, 3.3, 0.6, -7.1, 9.3, 1.7, 0.5, -10.1, 11.6, 2.4, 0.5, -11.6, 20.1, 3.9, 0.5, -7.4, 1.2
126, 0.2, 169.5, 2.1, 0.6, -7.1, 7.1, 0.5, 0.5, -8.7, 9.2, 1.2, 0.5, -10.0, 15.1, 2.8, 0.5, -5.9, 0.1
127, 0.3, 169.5, 4.1, 0.6, -7.1, 4.5, 2.4, 0.5, -7.7, 6.6, 3.3, 0.5, -7.9, 10.6, 4.9, 0.5, -5.9, 0.0
128, 0.3, 165.5, 3.0, 0.6, -1.4, 2.4, 2.2, 0.5, -7.7, 3.5, 3.1, 0.5, -6.0, 6.9, 3.9, 0.5, -4.3, 0.0
129, 0.3, 165.5, 4.3, 0.6, -0.0, 1.6, 3.3, 0.5, -1.7, 1.3, 4.3, 0.5, -6.0, 3.2, 5.2, 0.5, -4.3, 0.0
130, 0.3, 161.5, 3.7, 0.6, 1.3, 1.7, 2.7, 0.5, -1.7, 0.0, 3.7, 0.5, -1.6, 0.5, 4.8, 0.5, -4.3, 0.0
131, 0.4, 161.5, 3.7, 0.6, 2.4, 0.9, 2.7, 0.5, 1.3, 0.0, 3.7, 0.5, -1.6, 0.0, 4.8, 0.5, -4.3, 0.0
132, 0.4, 159.5, 1.4, 0.6, 2.4, 0.1, -0.6, 0.5, 1.2, 0.0, 0.6, 0.5, -1.6, 0.0, 2.6, 0.5, -4.3, 0.0
133, 0.4, 159.5, 3.4, 0.6, 2.4, 0.1, -0.6, 0.5, -0.0, 0.0, 0.6, 0.5, -1.6, 0.0, 4.6, 0.5, -2.7, 0.0
134, 0.4, 157.0, 5.4, 0.6, 1.3, 0.0, -0.6, 0.5, -1.8, 0.0, 0.6, 0.5, -1.6, 0.0, 6.6, 0.5, -2.2, 0.0
135, 0.4, 157.0, 7.4, 0.6, 1.3, 0.0, -0.6, 0.5, -3.6, 0.0, 0.6, 0.5, -1.6, 0.0, 8.6, 0.5, -2.2, 0.0
136, 0.4, 155.0, 9.4, 0.6, 1.3, 0.0, -0.6, 0.5, -3.6, 0.0, 0.6, 0.5, -1.3, 0.0, 10.6, 0.5, -2.2, 0.0
137, 0.4, 153.5, 10.6, 0.6, 0.8, 0.0, -1.4, 0.5, -3.6, 0.0, -0.1, 0.5, -1.3, 0.0, 11.9, 0.5, -2.2, 0.0
138, 0.4, 153.5, 11.4, 0.6, 0.8, 0.0, -2.6, 0.5, -3.6, 0.0, -1.4, 0.5, -1.3, 0.0, 12.6, 0.5, -1.7, 0.0
139, 0.4, 152.5, 12.4, 0.6, 0.8, 0.0, -3.6, 0.5, -3.6, 0.0, -2.5, 0.5, -0.8, 0.0, 13.5, 0.5, -1.7, 0.0
140, 0.4, 152.5, 13.5, 0.6, 0.5, 0.0, -4.5, 0.5, -4.1, 0.0, -3.4, 0.5, -0.8, 0.0, 14.6, 0.5, -1.7, 0.0
141, 0.4, 153.0, 14.4, 0.6, 0.5, 0.4, -5.6, 0.5, -4.1, 0.0, -4.4, 0.5, -0.8, 0.0, 15.6, 0.5, -1.7, 0.0
142, 0.4, 153.0, 15.4, 0.6, 0.5, 3.0, -6.6, 0.5, -1.1, 0.0, -5.4, 0.5, -3.1, 0.0, 16.6, 0.5, -0.9, 0.0
143, 0.4, 154.0, 16.0, 0.6, 1.7, 5.9, -8.0, 0.5, -1.1, 0.0, -6.7, 0.5, -3.1, 0.0, 17.3, 0.5, 0.0, 0.0
144, 0.5, 154.0, 17.1, 0.6, 2.0, 8.8, -8.9, 0.5, -1.1, 0.0, -7.5, 0.5, -3.1, 0.0, 18.5, 0.5, 1.1, 0.6
145, 0.5, 154.0, 17.9, 0.6, 2.6, 12.6, -10.1, 0.5, -1.1, 0.0, -8.6, 0.5, -2.4, 0.0, 19.4, 0.5, 3.2, 2.5
146, 0.5, 154.5, 19.0, 0.6, 4.3, 17.1, -11.0, 0.5, -0.0, 0.0, -9.4, 0.5, -2.4, 0.0, 20.6, 0.5, 3.2, 5.2
147, 0.6, 154.5, 20.0, 0.6, 4.4, 19.6, -12.0, 0.5, -0.0, 0.0, -10.3, 0.5, -3.0, 0.0, 21.7, 0.5, 2.4, 10.6
148, 0.6, 155.5, 21.1, 0.6, 5.6, 22.2, -12.9, 0.5, -0.0, 0.0, -11.0, 0.5, -3.0, 0.0, 23.0, 0.6, 2.8, 15.0
149, 0.7, 155.5, 22.0, 0.6, 7.5, 26.3, -14.0, 0.5, -0.0, 0.0, -12.0, 0.5, -2.1, 0.0, 24.0, 0.6, 2.7, 21.6
150, 0.7, 156.0, 23.0, 0.6, 9.9, 29.0, -15.0, 0.5, -0.6, 0.0, -12.9, 0.5, -2.5, 0.0, 25.1, 0.6, 4.3, 27.5
151, 0.7, 156.0, 23.7, 0.6, 9.0, 33.5, -16.3, 0.5, -2.2, 0.0, -14.1, 0.5, -2.6, 0.0, 25.9, 0.6, 4.9, 33.8
152, 0.8, 156.0, 24.8, 0.7, 8.4, 37.7, -17.2, 0.5, -4.1, 0.0, -14.8, 0.5, -2.8, 0.0, 27.2, 0.6, 7.0, 40.2
153, 0.8, 156.5, 25.4, 0.7, 9.7, 41.9, -18.6, 0.5, -7.9, 0.1, -16.2, 0.5, -4.9, 0.0, 27.8, 0.6, 8.7, 46.0
154, 0.8, 156.5, 26.5, 0.7, 11.4, 45.5, -19.5, 0.5, -9.5, 0.5, -17.1, 0.5, -7.6, 0.0, 28.9, 0.6, 9.6, 49.9
155, 0.8, 156.5, 26.8, 0.7, 14.6, 49.7, -21.2, 0.5, -10.2, 0.9, -18.6, 0.5, -9.1, 0.0, 29.4, 0.6, 10.6, 54.9
156, 0.8, 156.5, 27.9, 0.7, 15.6, 53.1, -22.1, 0.5, -9.7, 3.0, -19.6, 0.5, -10.2, 0.0, 30.4, 0.6, 14.4, 59.5
157, 0.8, 158.0, 27.8, 0.7, 14.9, 56.5, -24.2, 0.5, -5.7, 6.1, -21.8, 0.4, -11.0, 0.0, 30.2, 0.6, 18.1, 64.2
158, 0.7, 158.5, 29.0, 0.7, 17.3, 59.6, -25.0, 0.5, -5.0, 10.2, -22.8, 0.4, -10.1, 0.0, 31.2, 0.7, 20.2, 67.1
159, 0.7, 158.5, 28.8, 0.8, 20.0, 61.9, -27.2, 0.4, -6.5, 14.7, -25.1, 0.4, -8.4, 1.4, 30.9, 0.7, 23.0, 69.0
160, 0.6, 159.0, 29.8, 0.8, 22.4, 63.6, -28.2, 0.4, -8.0, 20.4, -26.3, 0.4, -6.9, 3.8, 31.7, 0.7, 25.4, 70.9
161, 0.5, 159.0, 29.7, 0.8, 25.1, 65.1, -30.3, 0.4, -11.0, 24.9, -28.7, 0.4, -6.0, 7.5, 31.3, 0.7, 28.9, 70.4
162, 0.4, 161.0, 30.8, 0.8, 25.2, 65.5, -31.2, 0.4, -11.4, 28.3, -29.8, 0.4, -6.5, 12.5, 32.2, 0.8, 29.3, 68.4
163, 0.4, 161.0, 30.3, 0.9, 26.0, 65.1, -33.7, 0.4, -12.7, 31.9, -32.5, 0.4, -10.4, 18.0, 31.5, 0.8, 30.6, 65.8
164, 0.3, 162.5, 31.5, 0.9, 27.9, 65.0, -34.5, 0.4, -13.8, 35.8, -33.6, 0.4, -12.1, 22.9, 32.4, 0.8, 33.4, 63.3
165, 0.2, 165.5, 31.5, 0.9, 28.7, 63.7, -36.5, 0.4, -16.2, 39.5, -35.8, 0.4, -14.7, 27.6, 32.2, 0.9, 36.1, 60.4
166, 0.1, 165.5, 32.8, 0.9, 31.5, 62.1, -37.2, 0.4, -18.2, 43.9, -36.9, 0.4, -17.1, 31.2, 33.1, 0.9, 38.3, 56.5
167, 0.0, 167.5, 32.3, 1.0, 32.3, 59.6, -39.7, 0.3, -19.0, 48.5, -39.7, 0.3, -19.6, 33.8, 32.3, 0.9, 37.2, 52.1
168, -0.1, 167.5, 33.7, 1.0, 33.2, 57.3, -40.3, 0.3, -22.0, 52.3, -40.5, 0.3, -21.9, 36.3, 33.5, 1.0, 36.9, 47.5
169, -0.2, 171.5, 33.3, 1.0, 34.8, 53.7, -42.7, 0.3, -26.0, 55.3, -43.2, 0.3, -22.6, 38.7, 32.8, 1.0, 37.7, 42.5
170, -0.2, 171.5, 34.7, 1.1, 34.4, 51.0, -43.3, 0.3, -28.9, 57.7, -44.1, 0.3, -24.2, 40.9, 33.9, 1.1, 37.8, 37.8
171, -0.3, 175.0, 33.8, 1.1, 36.0, 47.4, -46.2, 0.2, -31.1, 59.3, -47.2, 0.2, -26.0, 43.7, 32.8, 1.1, 39.1, 33.3
172, -0.4, 178.5, 35.3, 1.2, 38.0, 43.8, -46.7, 0.2, -31.3, 60.7, -47.8, 0.2, -28.5, 46.3, 34.2, 1.1, 39.1, 29.1
173, -0.4, 178.5, 34.6, 1.2, 37.4, 39.8, -49.4, 0.2, -32.6, 61.7, -50.7, 0.2, -30.6, 48.4, 33.3, 1.2, 38.7, 25.9
174, -0.4, 180.5, 36.2, 1.2, 36.1, 36.3, -49.8, 0.1, -33.4, 62.1, -51.2, 0.1, -33.8, 49.9, 34.8, 1.2, 38.0, 22.6
175, -0.5, 180.5, 35.9, 1.3, 37.2, 33.0, -52.1, 0.1, -36.7, 62.8, -53.6, 0.1, -37.4, 51.0, 34.4, 1.2, 37.7, 19.5
176, -0.5, 183.0, 37.5, 1.3, 39.3, 30.1, -52.5, 0.1, -39.1, 62.5, -54.1, 0.1, -39.5, 52.2, 35.9, 1.3, 36.0, 16.4
177, -0.5, 183.0, 37.5, 1.3, 39.2, 27.6, -54.5, 0.0, -40.8, 62.2, -56.1, 0.0, -40.5, 52.3, 35.9, 1.3, 35.7, 14.3
178, -0.5, 185.0, 39.0, 1.4, 38.9, 24.9, -55.0, -0.0, -41.2, 62.2, -56.5, -0.0, -41.7, 52.4, 37.5, 1.4, 35.3, 12.3
179, -0.5, 186.5, 39.6, 1.4, 37.4, 22.4, -56.4, -0.1, -43.1, 61.8, -57.9, -0.1, -44.4, 52.7, 38.1, 1.4, 36.3, 11.0
180, -0.5, 186.5, 41.1, 1.5, 38.9, 19.6, -56.9, -0.1, -45.0, 61.7, -58.3, -0.1, -45.8, 53.4, 39.7, 1.4, 36.2, 10.0
181, -0.4, 190.0, 42.0, 1.5, 39.7, 17.0, -58.0, -0.2, -47.2, 62.3, -59.2, -0.2, -46.2, 53.5, 40.8, 1.5, 35.1, 9.3
182, -0.4, 190.0, 43.1, 1.5, 39.1, 14.8, -58.9, -0.2, -47.9, 63.4, -60.1, -0.2, -49.5, 54.4, 41.9, 1.5, 35.1, 8.7
183, -0.3, 189.5, 44.3, 1.6, 38.3, 13.3, -59.7, -0.3, -48.4, 64.4, -60.8, -0.3, -52.1, 56.0, 43.2, 1.5, 36.8, 8.2
184, -0.3, 189.5, 45.5, 1.6, 36.7, 12.4, -60.5, -0.3, -48.2, 66.2, -61.4, -0.3, -54.4, 57.4, 44.6, 1.6, 37.0, 7.8
185, -0.3, 189.5, 46.7, 1.7, 38.0, 11.7, -61.3, -0.4, -51.0, 68.0, -62.1, -0.4, -54.9, 57.7, 45.9, 1.6, 36.5, 7.2
186, -0.2, 189.5, 47.7, 1.7, 37.0, 12.0, -62.3, -0.4, -54.9, 69.1, -63.0, -0.4, -56.2, 57.6, 47.0, 1.6, 35.3, 7.0
187, -0.2, 189.5, 49.4, 1.7, 37.4, 12.5, -62.6, -0.5, -54.4, 70.7, -63.2, -0.5, -54.9, 57.2, 48.8, 1.7, 35.4, 7.1
188, -0.2, 189.5, 50.4, 1.8, 36.8, 13.7, -63.6, -0.5, -56.5, 71.3, -64.1, -0.5, -56.7, 56.2, 49.9, 1.7, 35.9, 7.8
189, -0.1, 185.5, 52.5, 1.8, 38.2, 15.5, -63.5, -0.6, -60.3, 70.6, -64.0, -0.6, -61.1, 55.5, 52.0, 1.8, 36.3, 9.0
190, -0.1, 184.5, 53.4, 1.8, 41.8, 17.6, -64.6, -0.6, -59.7, 68.9, -64.9, -0.6, -60.3, 55.3, 53.1, 1.8, 37.8, 11.1
191, -0.1, 184.5, 55.5, 1.9, 38.4, 19.6, -64.5, -0.7, -57.7, 67.8, -64.7, -0.7, -60.9, 55.5, 55.3, 1.8, 38.7, 12.9
192, -0.0, 183.5, 56.3, 1.9, 39.5, 22.8, -65.7, -0.8, -61.0, 68.2, -65.8, -0.8, -66.2, 55.1, 56.2, 1.9, 38.6, 15.8
193, -0.0, 183.5, 58.3, 2.0, 41.8, 25.7, -65.7, -0.8, -60.6, 67.6, -65.8, -0.8, -64.8, 54.0, 58.2, 1.9, 39.5, 19.0
194, -0.0, 181.5, 59.1, 2.0, 42.4, 28.6, -66.9, -0.9, -60.0, 67.7, -67.0, -0.9, -63.0, 51.7, 59.0, 1.9, 38.8, 22.0
195, 0.0, 181.5, 60.9, 2.0, 43.1, 31.2, -67.1, -0.9, -62.7, 68.8, -67.0, -1.0, -62.0, 49.4, 61.0, 2.0, 40.9, 25.4
196, 0.0, 186.0, 57.7, 2.1, 44.8, 34.4, -64.4, -1.0, -66.1, 68.9, -64.3, -1.0, -65.9, 46.9, 57.8, 2.0, 44.0, 28.5
197, 0.0, 186.0, 60.2, 2.1, 46.4, 37.1, -66.3, -1.1, -66.5, 66.2, -66.2, -1.1, -71.2, 43.7, 60.3, 2.1, 46.4, 31.5
198, 0.0, 186.0, 52.2, 2.2, 48.0, 39.8, -58.7, -1.1, -65.1, 63.0, -58.6, -1.2, -72.7, 40.2, 52.2, 2.1, 47.7, 34.5
199, 0.0, 183.5, 56.0, 2.2, 48.0, 43.8, -60.1, -1.2, -65.4, 60.3, -60.1, -1.2, -74.4, 35.8, 56.1, 2.2, 49.1, 37.9
200, -0.0, 183.5, 47.2, 2.3, 47.7, 49.1, -52.9, -1.3, -67.7, 56.6, -53.0, -1.3, -74.9, 30.7, 47.1, 2.2, 51.0, 40.7
201, -0.1, 174.5, 50.5, 2.3, 49.3, 55.5, -54.5, -1.3, -66.5, 52.8, -54.7, -1.4, -68.0, 25.3, 50.3, 2.3, 50.7, 44.1
202, -0.1, 174.5, 42.9, 2.4, 52.8, 61.5, -47.3, -1.4, -66.4, 50.7, -47.5, -1.5, -66.9, 20.7, 42.6, 2.3, 52.4, 48.2
203, -0.1, 162.5, 47.5, 2.4, 56.0, 66.8, -48.6, -1.5, -65.7, 49.3, -49.0, -1.5, -64.4, 17.3, 47.1, 2.4, 52.8, 52.1
204, -0.2, 161.5, 40.4, 2.5, 56.9, 71.0, -40.5, -1.5, -69.6, 46.3, -41.1, -1.6, -65.0, 15.8, 39.8, 2.4, 55.1, 55.4
205, -0.3, 161.5, 44.9, 2.6, 59.4, 71.9, -41.1, -1.6, -68.6, 41.7, -41.9, -1.7, -63.5, 15.3, 44.1, 2.5, 59.8, 58.1
206, -0.3, 161.0, 36.8, 2.6, 58.9, 69.4, -34.0, -1.7, -66.2, 38.4, -35.0, -1.7, -63.9, 14.5, 35.8, 2.5, 59.8, 57.3
207, -0.4, 161.0, 41.0, 2.7, 57.5, 65.2, -35.0, -1.8, -67.3, 33.3, -36.2, -1.8, -64.5, 13.5, 39.8, 2.6, 59.2, 55.0
208, -0.5, 158.5, 32.2, 2.7, 57.2, 60.0, -27.1, -1.8, -65.2, 28.1, -28.7, -1.8, -61.7, 11.9, 30.7, 2.7, 59.2, 50.6
209, -0.6, 158.5, 36.1, 2.8, 55.6, 52.1, -28.6, -1.9, -63.3, 23.4, -30.4, -1.9, -61.5, 9.1, 34.3, 2.7, 59.6, 44.1
210, -0.7, 156.5, 28.0, 2.8, 57.3, 45.4, -21.4, -2.0, -61.8, 18.3, -23.4, -2.0, -58.9, 5.8, 26.0, 2.8, 58.3, 36.3
211, -0.8, 156.5, 31.7, 2.9, 55.6, 39.1, -23.1, -2.0, -60.3, 13.2, -25.4, -2.0, -55.1, 3.2, 29.4, 2.8, 55.0, 29.9
212, -0.8, 156.5, 22.3, 3.0, 54.1, 32.8, -14.4, -2.1, -58.4, 9.0, -17.0, -2.1, -52.4, 1.0, 19.8, 2.9, 54.4, 23.7
213, -0.9, 152.5, 25.6, 3.0, 53.7, 25.5, -16.5, -2.1, -52.3, 5.1, -19.3, -2.1, -48.2, 0.0, 22.9, 2.9, 53.3, 17.2
214, -0.9, 152.5, 17.4, 3.1, 52.7, 19.6, -7.7, -2.2, -49.2, 2.1, -10.6, -2.2, -44.7, 0.0, 14.5, 3.0, 53.4, 11.4
215, -1.0, 153.5, 20.5, 3.1, 49.9, 13.1, -10.4, -2.2, -46.9, 0.0, -13.5, -2.2, -41.3, 0.0, 17.4, 3.0, 49.4, 6.8
216, -1.6, 153.5, 13.0, 3.2, 46.4, 7.6, -2.7, -2.3, -41.7, 0.0, -7.5, -2.3, -38.0, 0.0, 8.2, 3.1, 45.5, 3.2
217, -1.7, 153.5, 16.0, 3.2, 42.4, 3.4, -4.8, -2.3, -33.1, 0.0, -10.0, -2.3, -34.6, 0.0, 10.8, 3.1, 38.1, 0.6
218, -1.8, 150.5, 8.2, 3.2, 38.5, 0.6, 3.5, -2.3, -29.6, 0.0, -1.9, -2.3, -34.7, 0.0, 2.8, 3.2, 35.8, 0.0
219, -1.9, 150.5, 11.2, 3.3, 33.3, 0.0, 0.7, -2.4, -29.6, 0.0, -5.1, -2.3, -32.1, 0.0, 5.3, 3.2, 39.4, 0.0
220, -2.0, 150.5, 4.8, 3.3, 28.6, 0.0, 6.9, -2.4, -25.2, 0.0, 0.8, -2.4, -27.7, 0.0, -1.3, 3.3, 42.3, 0.0
221, -2.0, 149.5, 7.3, 3.3, 24.4, 0.0, 4.0, -2.4, -20.2, 0.0, -2.0, -2.4, -25.4, 0.0, 1.3, 3.3, 34.7, 0.0
222, -1.9, 150.5, 1.7, 3.4, 25.8, 0.0, 10.8, -2.4, -14.0, 0.0, 4.9, -2.4, -22.5, 0.0, -4.2, 3.3, 30.5, 7.5
223, -2.0, 150.5, 4.2, 3.4, 25.3, 0.0, 8.0, -2.4, -9.1, 0.0, 1.9, -2.5, -20.1, 2.6, -1.9, 3.3, 25.0, 17.5
224, -2.0, 151.5, -0.4, 3.4, 23.5, 0.0, 12.4, -2.4, -9.1, 0.0, 6.2, -2.5, -18.2, 8.2, -6.6, 3.4, 21.5, 27.5
225, -2.1, 152.0, 2.5, 3.4, 19.4, 1.2, 10.6, -2.4, -9.1, 0.0, 4.1, -2.5, -15.4, 14.9, -4.0, 3.4, 16.4, 39.9
226, -2.2, 152.0, -0.7, 3.4, 14.5, 4.2, 13.5, -2.4, -9.1, 0.0, 6.7, -2.5, -13.4, 22.6, -7.5, 3.4, 12.4, 52.1
227, -2.4, 152.0, 0.7, 3.4, 10.7, 7.8, 12.5, -2.4, -8.7, 0.0, 5.3, -2.5, -10.7, 30.2, -6.5, 3.4, 10.8, 58.6
228, -2.5, 152.5, -1.0, 3.5, 8.5, 11.3, 14.4, -2.4, -8.7, 0.0, 6.8, -2.5, -7.0, 36.5, -8.7, 3.4, 10.1, 63.1
229, -2.6, 154.0, 1.2, 3.5, 6.1, 13.9, 13.4, -2.4, 1.1, 0.0, 5.3, -2.5, -7.0, 39.6, -6.8, 3.4, 7.9, 66.8
230, -2.8, 154.0, 1.0, 3.5, 6.1, 16.4, 13.9, -2.4, 2.8, 0.1, 5.5, -2.5, -7.0, 41.4, -7.5, 3.4, 7.9, 69.8
231, -2.9, 154.0, 1.7, 3.5, 1.8, 15.0, 13.5, -2.4, 5.3, 1.0, 4.8, -2.5, -7.0, 42.7, -7.1, 3.4, 7.9, 72.7
232, -2.9, 155.5, 2.9, 3.4, -0.0, 11.3, 13.2, -2.4, 7.8, 1.8, 4.3, -2.5, -7.0, 43.5, -6.1, 3.4, 7.6, 76.1
233, -2.9, 155.5, 3.7, 3.4, -0.0, 7.5, 12.3, -2.4, 8.4, 3.2, 3.3, -2.5, -1.3, 44.2, -5.3, 3.4, 7.6, 77.6
234, -2.9, 155.5, 4.0, 3.4, -0.0, 4.6, 12.1, -2.4, 7.3, 5.5, 3.1, -2.5, 1.3, 44.4, -5.0, 3.4, -5.1, 77.4
235, -2.9, 154.5, 4.4, 3.4, -1.6, 2.1, 11.3, -2.4, 6.6, 8.1, 2.5, -2.5, 3.9, 43.3, -4.4, 3.4, -9.6, 76.0
236, -2.8, 154.0, 4.4, 3.4, -2.9, 0.0, 11.3, -2.4, 9.2, 8.6, 2.5, -2.5, 6.0, 40.8, -4.4, 3.4, -10.5, 75.1
237, -2.7, 154.0, 6.1, 3.4, -2.9, 0.0, 4.1, -2.4, 11.4, 10.0, -4.1, -2.5, 10.5, 37.8, -2.1, 3.4, -14.5, 71.2
238, -2.5, 153.0, 7.9, 3.4, -2.9, 0.0, 3.9, -2.4, 10.6, 9.4, -3.9, -2.5, 11.0, 33.3, 0.1, 3.4, -13.7, 62.2
239, -2.4, 151.5, 9.6, 3.4, -3.7, 0.0, 3.7, -2.4, 6.9, 7.7, -3.6, -2.5, 11.0, 28.0, 2.3, 3.4, -7.8, 52.4
240, -2.3, 151.5, 11.4, 3.4, -3.7, 0.0, 3.5, -2.4, 3.9, 5.1, -3.4, -2.5, 11.0, 19.6, 4.5, 3.4, -7.8, 42.9
241, -2.2, 151.5, 11.9, 3.4, -3.7, 0.0, 4.7, -2.4, 3.9, 2.6, -1.9, -2.5, 11.0, 12.0, 5.3, 3.4, -7.8, 33.6
242, -2.0, 151.5, 13.7, 3.4, -5.6, 0.0, 4.6, -2.4, 3.9, 0.6, -1.7, -2.5, 11.0, 5.7, 7.4, 3.4, -7.0, 19.9
243, -2.0, 150.0, 14.3, 3.4, -5.6, 0.0, 5.7, -2.4, 3.9, 0.0, -0.3, -2.5, 11.0, 0.0, 8.3, 3.4, -7.0, 7.4
244, -1.9, 150.0, 15.9, 3.4, -5.6, 0.6, 5.9, -2.4, 3.9, 0.0, 0.1, -2.5, 2.9, 0.0, 10.1, 3.4, -4.7, 0.0
245, -1.8, 150.0, 16.2, 3.4, -2.8, 3.5, 7.4, -2.4, 3.3, 0.0, 1.8, -2.5, -1.9, 0.0, 10.6, 3.4, -4.2, 0.0
246, -1.8, 150.0, 17.3, 3.4, -2.8, 6.9, 8.1, -2.4, 3.3, 0.0, 2.7, -2.5, -1.9, 0.0, 11.9, 3.4, -4.2, 0.0
247, -1.7, 148.5, 18.0, 3.4, -2.8, 10.9, 9.2, -2.4, 3.3, 0.0, 4.0, -2.5, -1.9, 0.0, 12.8, 3.3, -3.2, 0.0
248, -1.7, 148.5, 18.6, 3.4, 1.1, 15.4, 10.5, -2.4, 2.5, 0.0, 5.4, -2.5, -1.9, 0.0, 13.5, 3.3, -3.2, 0.0
249, -1.7, 148.0, 19.5, 3.4, 1.8, 20.9, 11.6, -2.4, 2.5, 0.0, 6.5, -2.5, -1.9, 0.0, 14.4, 3.3, -3.2, 1.1
250, -1.6, 148.0, 20.4, 3.5, 2.7, 24.0, 12.6, -2.4, 3.2, 0.0, 7.6, -2.5, -4.4, 0.0, 15.4, 3.3, -3.2, 3.5
251, -1.6, 148.0, 21.2, 3.5, 6.5, 27.5, 13.6, -2.3, 3.8, 0.1, 8.8, -2.5, -4.4, 0.0, 16.4, 3.4, -1.3, 6.9
252, -1.5, 148.0, 21.8, 3.5, 8.6, 31.2, 14.9, -2.3, 5.6, 0.6, 10.2, -2.5, -4.4, 0.0, 17.1, 3.4, -1.3, 10.6
253, -1.5, 148.0, 22.7, 3.5, 9.4, 34.6, 15.8, -2.3, 8.5, 0.6, 11.3, -2.5, -4.4, 0.0, 18.2, 3.4, 4.4, 14.6
254, -1.4, 148.5, 22.8, 3.5, 9.5, 38.4, 17.5, -2.3, 9.4, 0.6, 13.2, -2.5, -3.5, 0.0, 18.5, 3.4, 4.7, 18.6
255, -1.3, 148.5, 23.7, 3.5, 10.4, 42.1, 18.4, -2.3, 9.5, 1.1, 14.3, -2.5, -3.3, 0.0, 19.6, 3.4, 6.6, 22.0
256, -1.3, 149.5, 23.7, 3.5, 11.7, 45.2, 20.1, -2.3, 8.3, 3.6, 16.3, -2.5, -3.3, 0.0, 19.9, 3.4, 6.0, 25.9
257, -1.2, 149.0, 24.6, 3.5, 14.5, 48.7, 21.0, -2.3, 5.2, 6.5, 17.4, -2.5, -3.3, 0.7, 21.0, 3.4, 5.8, 29.1
258, -1.0, 149.0, 24.4, 3.5, 15.1, 52.5, 22.8, -2.3, 4.0, 9.8, 19.6, -2.5, -3.3, 2.6, 21.2, 3.4, 5.4, 32.8
259, -0.9, 150.5, 25.0, 3.6, 15.5, 55.6, 23.7, -2.3, 5.7, 13.8, 21.0, -2.5, -3.3, 5.0, 22.3, 3.4, 7.2, 37.7
260, -0.7, 150.5, 24.8, 3.6, 18.6, 58.1, 25.5, -2.3, 8.1, 18.5, 23.2, -2.5, -3.3, 8.4, 22.5, 3.4, 8.1, 42.0
261, -0.6, 151.5, 25.6, 3.6, 22.1, 59.5, 26.2, -2.3, 9.6, 22.0, 24.4, -2.5, -0.7, 12.8, 23.8, 3.4, 9.7, 46.9
262, -0.4, 151.5, 25.0, 3.6, 23.5, 59.3, 28.3, -2.3, 9.3, 25.5, 27.0, -2.5, 0.8, 17.4, 23.7, 3.4, 11.9, 51.3
263, -0.2, 154.5, 25.5, 3.6, 25.9, 58.3, 29.1, -2.3, 8.9, 29.4, 28.5, -2.5, 6.6, 21.3, 24.9, 3.4, 12.0, 55.6
264, 0.0, 155.0, 24.6, 3.7, 28.0, 56.0, 31.4, -2.3, 10.4, 34.3, 31.4, -2.4, 14.4, 23.9, 24.6, 3.5, 13.2, 59.2
265, 0.3, 155.0, 25.3, 3.7, 29.5, 53.2, 31.9, -2.2, 12.8, 39.4, 32.7, -2.4, 18.0, 25.0, 26.1, 3.5, 14.7, 63.4
266, 0.5, 155.0, 24.3, 3.7, 30.3, 49.4, 34.2, -2.2, 13.2, 45.2, 35.7, -2.4, 20.7, 25.1, 25.8, 3.5, 14.7, 66.1
267, 0.8, 158.5, 24.9, 3.8, 30.4, 46.1, 34.6, -2.2, 13.8, 50.6, 37.1, -2.4, 21.8, 23.9, 27.4, 3.5, 14.8, 68.7
268, 1.1, 159.5, 23.5, 3.8, 31.5, 41.9, 37.2, -2.2, 16.8, 55.2, 40.5, -2.4, 21.2, 22.2, 26.8, 3.5, 17.0, 72.3
269, 1.4, 159.5, 24.3, 3.8, 31.9, 37.4, 37.5, -2.2, 18.6, 60.0, 41.7, -2.3, 23.2, 21.5, 28.5, 3.5, 18.2, 75.8
270, 1.6, 164.5, 22.7, 3.9, 32.1, 32.9, 40.3, -2.2, 19.7, 65.3, 45.3, -2.3, 23.9, 21.4, 27.7, 3.6, 18.4, 78.5
271, 1.9, 167.0, 23.6, 3.9, 33.2, 27.9, 40.6, -2.1, 25.6, 68.9, 46.4, -2.3, 24.6, 21.7, 29.4, 3.6, 20.6, 81.4
272, 2.1, 167.0, 22.1, 3.9, 32.4, 23.2, 43.4, -2.1, 29.5, 71.3, 49.9, -2.3, 25.1, 23.6, 28.6, 3.6, 23.5, 85.2
273, 2.3, 167.0, 23.2, 4.0, 31.4, 19.1, 43.7, -2.1, 32.5, 73.0, 50.8, -2.2, 29.2, 25.8, 30.3, 3.6, 27.5, 87.2
274, 2.5, 173.0, 22.0, 4.0, 31.4, 15.2, 46.4, -2.0, 31.7, 73.4, 54.0, -2.2, 33.7, 26.9, 29.6, 3.7, 30.0, 85.8
275, 2.7, 177.0, 23.2, 4.0, 30.8, 11.3, 46.6, -2.0, 30.0, 73.6, 54.8, -2.2, 36.7, 27.6, 31.4, 3.7, 29.3, 84.7
276, 2.8, 177.0, 22.3, 4.1, 29.6, 7.9, 49.2, -2.0, 31.3, 73.8, 57.7, -2.1, 38.3, 28.4, 30.8, 3.7, 28.9, 83.2
277, 2.9, 182.5, 23.8, 4.1, 27.8, 4.8, 49.3, -1.9, 37.3, 75.7, 58.2, -2.1, 40.9, 28.2, 32.7, 3.7, 30.2, 81.2
278, 3.0, 187.0, 23.2, 4.1, 27.0, 2.3, 51.7, -1.9, 43.6, 77.3, 60.8, -2.0, 42.0, 27.3, 32.3, 3.8, 30.7, 78.3
279, 3.0, 187.0, 24.9, 4.1, 25.4, 0.3, 51.9, -1.9, 49.4, 76.9, 61.1, -2.0, 44.7, 27.5, 34.1, 3.8, 32.8, 75.8
280, 3.0, 187.0, 25.2, 4.2, 23.5, 0.0, 53.8, -1.8, 49.1, 74.2, 62.8, -2.0, 46.6, 27.8, 34.2, 3.8, 36.8, 73.8
281, 2.9, 194.0, 26.9, 4.2, 22.4, 0.0, 54.2, -1.8, 45.7, 71.2, 63.1, -1.9, 47.3, 28.3, 35.8, 3.9, 38.5, 70.7
282, 2.8, 199.5, 27.0, 4.2, 22.2, 0.0, 56.3, -1.7, 42.0, 68.4, 65.0, -1.9, 50.1, 28.7, 35.7, 3.9, 37.4, 65.4
283, 2.7, 199.5, 28.8, 4.2, 21.5, 0.0, 56.8, -1.7, 43.8, 66.3, 65.2, -1.8, 53.6, 29.1, 37.2, 4.0, 35.7, 60.2
284, 2.6, 207.0, 25.6, 4.2, 21.9, 0.3, 54.1, -1.6, 51.2, 64.6, 62.0, -1.8, 58.1, 28.8, 33.5, 4.0, 37.8, 55.8
285, 2.4, 214.0, 27.9, 4.3, 24.0, 1.4, 55.3, -1.6, 55.8, 64.1, 62.7, -1.7, 55.8, 28.4, 35.4, 4.0, 38.0, 51.2
286, 2.3, 214.0, 23.7, 4.3, 24.9, 2.4, 51.7, -1.5, 55.2, 63.3, 58.5, -1.6, 54.9, 28.8, 30.6, 4.1, 38.2, 46.9
287, 2.0, 214.0, 25.9, 4.3, 24.6, 3.0, 53.0, -1.5, 53.8, 60.4, 59.2, -1.6, 57.8, 29.8, 32.1, 4.1, 39.5, 43.1
288, 1.8, 219.5, 21.5, 4.3, 24.4, 3.4, 49.2, -1.4, 54.6, 56.9, 54.7, -1.5, 61.6, 31.1, 27.0, 4.1, 39.8, 39.5
289, 1.6, 225.5, 24.3, 4.4, 24.1, 3.2, 51.1, -1.3, 54.6, 53.3, 55.9, -1.5, 60.5, 31.9, 29.1, 4.2, 39.9, 35.5
290, 1.3, 225.5, 20.6, 4.4, 25.7, 2.7, 47.5, -1.3, 53.9, 51.5, 51.5, -1.4, 63.7, 33.6, 24.6, 4.2, 39.3, 31.8
291, 1.1, 231.5, 22.6, 4.4, 25.5, 2.1, 49.3, -1.2, 52.8, 51.9, 52.5, -1.3, 62.9, 34.3, 25.8, 4.3, 36.9, 28.8
292, 0.8, 241.5, 19.3, 4.4, 25.5, 2.2, 45.8, -1.2, 51.2, 53.6, 48.3, -1.3, 59.0, 34.0, 21.7, 4.3, 35.1, 26.3
293, 0.6, 241.5, 21.4, 4.5, 25.8, 2.4, 47.4, -1.1, 50.4, 53.9, 49.1, -1.2, 57.3, 33.5, 23.1, 4.3, 37.7, 24.5
294, 0.3, 241.5, 17.3, 4.5, 25.2, 2.1, 43.6, -1.1, 45.2, 56.1, 44.6, -1.2, 58.5, 34.1, 18.3, 4.4, 36.9, 23.2
295, 0.1, 246.0, 19.4, 4.5, 25.2, 2.0, 45.3, -1.0, 43.3, 60.7, 45.6, -1.1, 61.5, 33.9, 19.7, 4.4, 33.7, 21.8
296, -0.1, 253.0, 16.4, 4.5, 24.6, 1.8, 42.1, -1.0, 46.3, 65.0, 41.9, -1.0, 57.0, 33.4, 16.2, 4.4, 31.5, 20.4
297, -0.3, 253.0, 18.3, 4.6, 23.8, 1.4, 43.8, -0.9, 55.8, 67.3, 42.9, -1.0, 50.6, 34.4, 17.5, 4.5, 30.5, 18.9
298, -0.5, 260.5, 13.7, 4.6, 23.6, 0.7, 40.0, -0.9, 59.2, 68.2, 38.5, -0.9, 50.6, 35.5, 12.1, 4.5, 29.7, 17.3
299, -0.7, 270.0, 15.9, 4.6, 22.7, 0.3, 42.0, -0.8, 51.4, 67.0, 39.8, -0.9, 52.4, 36.1, 13.7, 4.5, 29.9, 15.7
300, -0.9, 270.0, 12.7, 4.6, 22.3, 0.0, 37.5, -0.8, 51.5, 63.1, 34.9, -0.8, 52.8, 36.7, 10.0, 4.6, 29.3, 13.7
301, -1.1, 270.0, 14.5, 4.7, 20.3, 0.0, 39.3, -0.7, 55.5, 55.9, 36.0, -0.8, 50.3, 37.4, 11.3, 4.6, 27.7, 11.5
302, -1.3, 277.0, 10.5, 4.7, 20.0, 0.0, 35.1, -0.7, 54.9, 47.5, 31.2, -0.7, 49.4, 36.8, 6.6, 4.6, 26.8, 9.0
303, -1.5, 285.5, 12.6, 4.7, 18.6, 0.0, 37.1, -0.6, 52.0, 40.5, 32.7, -0.7, 46.3, 35.9, 8.1, 4.6, 24.8, 6.1
304, -1.7, 285.5, 9.8, 4.7, 16.8, 0.0, 32.0, -0.6, 49.3, 36.0, 27.0, -0.6, 43.2, 34.7, 4.7, 4.7, 23.2, 3.4
305, -1.9, 290.5, 10.8, 4.7, 15.7, 0.0, 34.9, -0.5, 43.7, 31.4, 29.2, -0.6, 42.1, 34.3, 5.1, 4.7, 20.5, 1.5
306, -2.1, 290.5, 8.3, 4.7, 14.6, 0.0, 30.0, -0.5, 37.0, 29.4, 23.7, -0.6, 42.8, 33.9, 2.1, 4.7, 18.6, 0.2
307, -2.2, 298.5, 9.9, 4.8, 14.1, 0.0, 31.9, -0.4, 35.1, 30.7, 25.2, -0.5, 42.3, 33.4, 3.2, 4.7, 16.9, 0.0
308, -2.3, 298.5, 6.8, 4.8, 13.6, 0.0, 26.5, -0.4, 35.8, 34.0, 19.4, -0.5, 41.5, 32.1, -0.4, 4.7, 14.3, 0.0
309, -2.5, 305.5, 7.7, 4.8, 13.2, 0.0, 29.1, -0.4, 37.0, 36.9, 21.6, -0.4, 42.1, 29.8, 0.2, 4.7, 12.8, 0.0
310, -2.6, 314.5, 5.8, 4.8, 12.9, 0.0, 24.6, -0.3, 38.2, 39.0, 16.8, -0.4, 39.4, 27.0, -2.1, 4.8, 10.3, 0.0
311, -2.6, 314.5, 7.1, 4.8, 12.4, 0.0, 26.5, -0.3, 40.7, 39.7, 18.4, -0.4, 34.5, 24.3, -1.0, 4.8, 8.1, 0.0
312, -2.7, 314.5, 4.4, 4.8, 12.3, 0.0, 22.0, -0.3, 40.8, 37.9, 13.9, -0.3, 32.1, 22.1, -3.7, 4.8, 7.8, 1.1
313, -2.6, 320.5, 5.4, 4.8, 11.9, 0.0, 23.6, -0.2, 37.9, 34.8, 15.6, -0.3, 29.1, 20.9, -2.6, 4.8, 8.1, 4.6
314, -2.5, 326.5, 3.5, 4.8, 11.3, 0.0, 18.8, -0.2, 35.8, 31.8, 11.1, -0.3, 28.5, 20.0, -4.2, 4.8, 7.2, 8.0
315, -2.4, 326.5, 4.1, 4.8, 10.4, 0.0, 20.1, -0.1, 35.7, 28.8, 12.9, -0.2, 27.0, 19.6, -3.1, 4.8, 5.5, 12.0
316, -2.2, 333.5, 1.0, 4.9, 9.4, 0.0, 15.5, -0.1, 38.1, 25.8, 8.9, -0.2, 24.8, 19.0, -5.6, 4.8, 5.5, 16.4
317, -1.9, 339.5, 1.4, 4.9, 9.3, 0.0, 16.4, -0.1, 38.2, 22.1, 10.6, -0.2, 23.3, 18.4, -4.5, 4.8, 1.4, 20.4
318, -1.6, 339.5, -0.7, 4.9, 8.5, 0.0, 11.4, -0.0, 36.4, 18.1, 6.3, -0.2, 23.4, 17.4, -5.8, 4.8, 1.4, 20.2
319, -1.4, 339.5, -0.8, 4.9, 6.9, 0.0, 13.0, 0.0, 35.1, 13.3, 8.7, -0.1, 22.6, 15.8, -5.1, 4.8, 0.0, 19.6
320, -1.1, 346.0, -2.2, 4.9, 5.7, 0.0, 8.8, 0.0, 34.3, 8.7, 5.3, -0.1, 21.1, 14.0, -5.7, 4.8, -1.1, 18.0
321, -0.9, 350.0, -2.0, 4.9, 5.2, 0.0, 9.5, 0.1, 31.7, 4.7, 6.8, -0.1, 19.4, 12.2, -4.7, 4.8, -3.5, 15.8
322, -0.6, 350.0, -2.7, 4.9, 5.0, 0.0, 5.9, 0.1, 28.5, 2.0, 3.9, -0.1, 18.7, 9.9, -4.7, 4.8, -5.0, 13.2
323, -0.4, 355.5, -2.9, 4.9, 4.3, 0.0, 7.2, 0.1, 26.0, 0.4, 6.0, -0.1, 18.3, 7.5, -4.1, 4.8, -5.7, 11.2
324, -0.2, 358.0, -3.5, 4.9, 4.3, 0.0, 3.6, 0.1, 22.4, 0.0, 3.0, -0.1, 16.5, 5.3, -4.1, 4.7, -5.6, 9.6
325, -0.0, 358.0, -3.3, 4.9, 4.0, 0.0, 4.5, 0.2, 19.7, 0.0, 4.5, -0.0, 15.8, 3.3, -3.3, 4.7, -5.7, 8.6
326, 0.2, 358.0, -3.3, 4.9, 3.9, 0.0, 1.7, 0.2, 16.8, 0.0, 2.2, -0.0, 14.7, 1.7, -2.8, 4.7, -6.4, 6.2
327, 0.3, 364.5, -3.2, 4.9, 3.5, 0.0, 2.5, 0.2, 15.0, 0.0, 3.5, -0.0, 13.5, 0.6, -2.2, 4.7, -6.7, 4.5
328, 0.5, 367.5, -3.2, 4.9, 3.5, 0.0, -1.5, 0.2, 12.3, 0.0, -0.1, 0.0, 11.0, 0.0, -1.8, 4.7, -6.6, 3.0
329, 0.6, 367.5, -3.1, 4.9, 3.5, 0.0, -0.5, 0.2, 13.9, 0.0, 1.3, 0.0, 9.5, 0.0, -1.3, 4.7, -6.0, 1.3
330, 0.7, 370.5, -2.8, 4.9, 3.5, 0.0, -3.2, 0.2, 16.6, 0.0, -1.1, 0.0, 7.5, 0.0, -0.8, 4.7, -5.4, 0.0
331, 0.7, 372.0, -3.5, 4.9, 3.5, 0.0, -2.9, 0.3, 14.5, 0.0, -0.6, 0.0, 7.5, 0.0, -1.2, 4.7, -4.8, 0.0
332, 0.8, 372.0, -2.5, 4.9, 1.6, 0.0, -4.8, 0.3, 11.2, 0.0, -2.5, 0.0, 7.5, 0.0, -0.2, 4.7, -4.3, 0.0
333, 0.7, 372.0, -2.4, 4.9, -0.0, 0.0, -3.7, 0.3, 8.8, 0.8, -1.5, 0.0, 3.5, 0.0, -0.1, 4.7, -3.5, 0.0
334, 0.7, 374.5, -1.9, 4.9, -1.3, 0.0, -5.3, 0.3, 8.2, 3.5, -3.1, 0.0, 2.6, 0.0, 0.3, 4.7, -3.5, 0.0
335, 0.7, 375.5, -2.6, 4.9, -2.8, 0.0, -5.0, 0.3, 6.0, 6.1, -2.7, 0.0, 2.5, 0.0, -0.4, 4.7, -3.5, 0.0
336, 0.7, 375.5, -1.9, 4.9, -2.8, 0.0, -5.4, 0.3, 6.0, 8.6, -3.2, 0.0, 2.4, 0.0, 0.3, 4.7, -3.5, 0.0
337, 0.7, 375.5, -2.0, 4.9, -2.8, 0.0, -4.5, 0.3, 6.0, 11.0, -2.3, 0.0, 2.4, 0.0, 0.2, 4.7, -3.5, 0.0
338, 0.7, 375.0, -2.0, 4.9, -2.8, 0.4, -4.5, 0.3, 6.0, 13.7, -2.3, 0.0, 2.4, 0.0, 0.2, 4.7, -4.0, 0.0
339, 0.7, 376.0, -3.1, 4.9, -2.8, 2.3, -1.1, 0.3, 6.0, 13.6, 1.1, 0.0, 2.4, 0.0, -0.9, 4.7, -4.0, 0.0
340, 0.7, 376.0, -5.1, 4.9, -2.8, 2.6, -1.1, 0.3, 6.0, 12.3, 1.1, 0.0, 3.3, 0.0, -2.9, 4.7, -4.0, 0.0
341, 0.7, 375.5, -7.1, 4.9, -3.2, 2.7, -1.1, 0.3, 5.9, 10.7, 1.1, 0.0, 3.3, 0.0, -4.9, 4.7, -4.0, 0.0
342, 0.7, 374.0, -9.1, 4.9, -3.2, 2.7, -1.1, 0.3, 5.9, 8.1, 1.1, 0.0, 3.3, 0.0, -6.9, 4.7, -4.0, 0.0
343, 0.7, 374.0, -10.8, 4.9, -3.3, 2.0, -0.8, 0.3, 5.0, 0.9, 1.4, 0.0, 4.4, 0.0, -8.6, 4.7, -4.7, 0.0
344, 0.7, 374.5, -12.2, 4.9, -3.3, 0.0, -0.2, 0.3, 5.0, 0.0, 2.0, 0.0, 4.4, 0.0, -10.0, 4.7, -4.7, 0.0
345, 0.7, 374.5, -13.2, 4.9, -3.3, 0.0, 0.8, 0.3, 5.6, 0.0, 3.1, 0.0, 5.8, 0.0, -10.9, 4.7, -4.7, 0.0
346, 0.7, 374.5, -14.1, 4.9, -2.4, 0.0, 1.9, 0.3, 5.6, 0.0, 4.2, 0.0, 5.8, 0.0, -11.8, 4.7, -12.5, 0.0
347, 0.7, 375.0, -15.3, 4.9, -2.4, 0.0, 2.7, 0.3, 5.6, 0.0, 5.0, 0.0, 5.8, 0.0, -13.0, 4.7, -12.5, 0.0
348, 0.7, 374.5, -16.2, 4.9, -2.4, 0.0, 3.8, 0.3, -0.0, 0.0, 6.1, 0.0, 0.0, 0.0, -13.9, 4.7, -12.5, 0.4
349, 0.7, 374.5, -17.1, 4.9, -0.0, 1.1, 4.9, 0.3, -0.0, 0.0, 7.1, 0.0, 0.0, 0.0, -14.9, 4.7, -30.0, 3.3
350, 0.7, 374.5, -18.1, 4.9, -0.0, 3.6, 5.9, 0.3, -0.0, 0.0, 8.2, 0.0, 0.0, 0.0, -15.8, 4.7, -5.0, 6.2
351, 0.7, 374.0, -19.5, 4.9, -2.4, 6.8, 6.5, 0.3, -0.0, 0.0, 8.8, 0.0, 0.0, 0.0, -17.2, 4.7, -4.6, 10.1
352, 0.8, 374.0, -20.7, 4.9, -2.4, 11.6, 7.3, 0.3, -0.0, 0.0, 9.7, 0.0, 0.0, 0.0, -18.3, 4.7, -4.6, 14.9
353, 0.8, 374.0, -21.8, 4.9, -2.4, 16.8, 8.2, 0.3, -0.0, 0.0, 10.6, 0.0, 0.0, 0.0, -19.4, 4.7, -3.4, 20.3
354, 0.8, 374.0, -23.0, 4.9, -2.7, 22.3, 9.0, 0.3, -0.0, 0.0, 11.5, 0.0, 0.0, 0.0, -20.5, 4.7, -3.0, 24.3
355, 0.8, 374.5, -23.9, 4.9, -5.4, 27.5, 10.1, 0.3, 4.8, 0.0, 12.5, 0.0, 3.9, 0.0, -21.5, 4.7, -3.3, 28.7
356, 0.8, 374.5, -24.6, 4.9, -6.2, 32.8, 11.4, 0.3, 4.8, 0.0, 13.9, 0.0, 3.2, 0.0, -22.1, 4.7, -5.0, 33.6
357, 0.8, 374.5, -25.1, 4.9, -7.3, 37.5, 12.9, 0.3, 2.5, 0.0, 15.2, 0.0, 2.9, 0.0, -22.8, 4.7, -8.7, 37.6
358, 0.7, 375.0, -25.7, 4.9, -8.5, 42.3, 14.3, 0.3, 2.6, 0.0, 16.5, 0.0, 3.6, 0.0, -23.5, 4.6, -8.3, 42.3
359, 0.7, 375.0, -26.3, 4.8, -12.1, 47.5, 15.7, 0.3, 3.1, 0.9, 17.8, 0.1, 7.1, 0.0, -24.2, 4.6, -7.5, 47.8
360, 0.6, 375.0, -26.0, 4.8, -13.5, 51.4, 18.0, 0.3, 7.3, 1.8, 19.9, 0.1, 8.3, 0.0, -24.1, 4.6, -9.4, 51.7
361, 0.6, 373.0, -26.7, 4.8, -16.0, 55.0, 19.3, 0.3, 8.6, 1.8, 21.0, 0.1, 9.8, 0.0, -25.0, 4.6, -11.3, 55.6
362, 0.5, 372.5, -27.3, 4.8, -17.6, 58.2, 20.7, 0.3, 9.2, 1.8, 22.2, 0.1, 10.2, 0.0, -25.8, 4.6, -12.9, 60.2
363, 0.4, 372.5, -26.9, 4.8, -19.6, 60.8, 23.1, 0.3, 8.5, 2.4, 24.4, 0.1, 10.8, 0.0, -25.6, 4.6, -15.5, 65.1
364, 0.4, 372.5, -26.5, 4.8, -20.9, 62.4, 25.5, 0.3, 6.1, 3.8, 26.6, 0.1, 11.3, 0.4, -25.4, 4.6, -17.8, 67.3
365, 0.3, 372.0, -27.6, 4.7, -23.9, 63.3, 26.4, 0.3, 5.6, 5.8, 27.3, 0.1, 10.2, 1.8, -26.7, 4.6, -18.9, 70.2
366, 0.3, 369.5, -26.9, 4.7, -27.4, 63.2, 29.1, 0.4, 5.0, 10.0, 29.9, 0.1, 8.9, 4.2, -26.1, 4.5, -21.9, 71.9
367, 0.2, 369.5, -28.0, 4.7, -29.5, 62.4, 30.0, 0.4, 5.4, 16.0, 30.7, 0.1, 9.7, 7.3, -27.3, 4.5, -25.2, 70.7
368, 0.2, 367.0, -27.4, 4.6, -27.3, 61.0, 32.6, 0.4, 6.4, 22.6, 33.2, 0.1, 10.4, 11.3, -26.8, 4.5, -25.6, 69.5
369, 0.1, 366.0, -28.5, 4.6, -28.4, 58.8, 33.5, 0.4, 9.1, 28.3, 33.9, 0.2, 11.1, 15.9, -28.1, 4.5, -26.8, 67.1
370, 0.1, 366.0, -27.4, 4.6, -30.7, 55.6, 36.6, 0.4, 11.3, 34.0, 36.9, 0.2, 11.9, 21.0, -27.1, 4.4, -28.9, 64.3
371, 0.1, 366.0, -28.9, 4.6, -33.1, 52.4, 37.1, 0.4, 14.3, 39.5, 37.4, 0.2, 13.5, 26.2, -28.6, 4.4, -31.5, 60.8
372, 0.1, 363.5, -28.7, 4.5, -33.4, 48.6, 39.3, 0.4, 16.7, 44.4, 39.5, 0.2, 16.9, 31.9, -28.5, 4.4, -31.5, 57.7
373, 0.1, 361.0, -30.1, 4.5, -33.2, 44.8, 39.9, 0.4, 19.1, 49.0, 40.1, 0.2, 18.9, 36.5, -29.9, 4.3, -32.5, 54.4
374, 0.1, 361.0, -29.6, 4.5, -34.7, 41.0, 42.4, 0.5, 22.1, 52.7, 42.6, 0.2, 20.2, 40.6, -29.4, 4.3, -33.9, 50.2
375, 0.1, 354.5, -31.2, 4.4, -34.3, 37.0, 42.8, 0.5, 24.7, 56.6, 43.0, 0.3, 23.3, 45.0, -31.0, 4.3, -34.5, 46.0
376, 0.0, 351.0, -32.6, 4.4, -32.2, 33.6, 43.4, 0.5, 26.3, 59.9, 43.6, 0.3, 25.6, 48.6, -32.4, 4.2, -34.7, 41.7
377, 0.1, 351.0, -32.3, 4.4, -32.6, 30.0, 45.7, 0.5, 29.3, 62.1, 45.9, 0.3, 28.4, 51.8, -32.1, 4.2, -35.2, 37.2
378, 0.1, 351.0, -32.4, 4.3, -33.5, 26.6, 47.6, 0.6, 32.6, 64.9, 47.8, 0.3, 29.9, 54.6, -32.2, 4.2, -35.5, 32.3
379, 0.1, 350.0, -34.3, 4.3, -32.7, 23.5, 47.7, 0.6, 33.3, 66.7, 48.0, 0.4, 32.4, 57.4, -34.0, 4.1, -35.3, 27.5
380, 0.1, 349.5, -35.2, 4.3, -33.4, 20.7, 48.8, 0.6, 33.7, 68.6, 49.3, 0.4, 38.0, 59.1, -34.7, 4.1, -35.6, 23.4
381, 0.2, 349.5, -37.1, 4.2, -32.8, 18.4, 48.9, 0.7, 36.7, 70.7, 49.5, 0.5, 42.5, 60.3, -36.5, 4.1, -36.5, 19.1
382, 0.3, 348.5, -38.6, 4.2, -31.1, 16.7, 49.4, 0.7, 39.4, 72.8, 50.2, 0.5, 41.8, 59.8, -37.8, 4.0, -36.0, 15.3
383, 0.3, 346.0, -40.3, 4.2, -31.6, 15.5, 49.7, 0.8, 41.4, 74.8, 50.6, 0.5, 40.0, 60.5, -39.4, 4.0, -34.5, 11.9
384, 0.4, 346.0, -41.9, 4.1, -31.1, 14.4, 50.1, 0.8, 43.1, 75.6, 51.2, 0.6, 42.4, 61.3, -40.8, 3.9, -34.0, 9.5
385, 0.4, 346.0, -43.6, 4.1, -30.8, 14.1, 50.4, 0.8, 43.4, 76.0, 51.7, 0.6, 47.5, 61.2, -42.3, 3.9, -34.9, 7.6
386, 0.5, 347.5, -45.2, 4.1, -32.2, 14.3, 50.8, 0.9, 45.7, 76.7, 52.3, 0.7, 50.1, 60.7, -43.7, 3.9, -36.6, 6.4
387, 0.5, 350.0, -46.6, 4.0, -32.8, 14.8, 51.4, 0.9, 47.1, 78.3, 53.0, 0.7, 48.2, 60.6, -45.0, 3.8, -36.3, 5.4
388, 0.6, 350.0, -48.5, 4.0, -32.5, 15.6, 51.5, 1.0, 46.9, 79.1, 53.3, 0.8, 45.8, 59.9, -46.7, 3.8, -35.2, 5.2
389, 0.6, 350.0, -49.7, 4.0, -32.9, 16.9, 52.3, 1.0, 48.7, 80.2, 54.2, 0.8, 46.6, 59.1, -47.8, 3.8, -33.9, 5.4
390, 0.6, 352.0, -51.5, 3.9, -34.3, 19.2, 52.5, 1.1, 51.3, 81.9, 54.4, 0.9, 48.8, 57.5, -49.6, 3.7, -35.0, 5.8
391, 0.6, 352.0, -52.7, 3.9, -35.8, 20.9, 53.3, 1.1, 52.1, 81.8, 55.3, 0.9, 53.0, 56.1, -50.7, 3.7, -34.8, 6.5
392, 0.7, 352.0, -54.8, 3.9, -37.0, 22.8, 53.2, 1.2, 51.7, 79.9, 55.3, 1.0, 51.9, 55.4, -52.7, 3.7, -35.9, 8.4
393, 0.7, 355.0, -55.6, 3.8, -39.2, 25.1, 54.4, 1.2, 54.5, 77.8, 56.4, 1.0, 52.1, 54.1, -53.6, 3.6, -36.2, 10.7
394, 0.7, 355.5, -57.8, 3.8, -39.2, 27.4, 54.2, 1.3, 55.2, 73.4, 56.2, 1.1, 56.7, 51.4, -55.8, 3.6, -36.9, 13.4
395, 0.7, 355.5, -58.7, 3.7, -40.2, 29.5, 55.3, 1.3, 54.3, 67.7, 57.4, 1.1, 58.0, 48.9, -56.6, 3.5, -36.9, 16.3
396, 0.7, 355.5, -60.5, 3.7, -42.5, 32.0, 55.5, 1.4, 56.5, 63.1, 57.6, 1.2, 57.4, 46.6, -58.4, 3.5, -39.0, 20.3
397, 0.6, 362.5, -60.7, 3.7, -43.3, 35.1, 57.3, 1.5, 56.5, 59.2, 59.2, 1.3, 58.5, 44.5, -58.8, 3.5, -42.1, 24.0
398, 0.6, 362.5, -63.2, 3.6, -45.0, 38.2, 56.8, 1.5, 58.2, 53.3, 58.6, 1.3, 57.6, 41.4, -61.4, 3.5, -39.9, 25.3
399, 0.6, 362.5, -63.2, 3.6, -47.6, 41.3, 56.8, 1.6, 59.7, 48.9, 58.6, 1.4, 59.6, 38.3, -61.4, 3.4, -41.2, 30.0