idx, heading, dist, lfm POS, lfm VEL, lfm TRQ, lbm POS, lbm VEL, lbm TRQ, rfm POS, rfm VEL, rfm TRQ, rbm POS, rbm VEL, rbm TRQ
0, -0.01757934, 205.5, 0.0, -0.0, 0.0, 0.0, -0.0, 0.0, 0.0, 0.0, 0.0, 0.0, 0.0, 0.0
1, -0.02316803, 206.0, 0.0, -0.0, 0.0, 0.0, -0.0, 0.0, 0.0, 0.0, 0.0, 0.0, 0.0, 0.0
2, -0.02146512, 205.5, 0.0, -0.0, 0.0, 0.0, -0.0, 0.0, 0.0, 0.0, 0.0, 0.0, 0.0, 0.0
3, -0.02762286, 205.0, 0.0, -0.0, 0.0, 0.0, -0.0, 0.0, 0.0, 0.0, 0.0, 0.0, 0.0, 0.0
4, -0.02159729, 205.0, 0.0, -0.0, 0.0, 0.0, -0.0, 0.0, 0.0, 0.0, 0.0, 0.0, 0.0, 0.0
5, -0.02112369, 205.0, 0.0, -0.0, 0.0, 0.0, -0.0, 0.0, 0.0, 0.0, 0.0, 0.0, 0.0, 0.0
6, -0.0217495, 205.0, 0.0, -0.0, 0.0, 0.0, -0.0, 0.0, 0.0, 0.0, 0.0, 0.0, 0.0, 0.0
7, -0.01483481, 204.5, 0.0, -0.0, 0.0, 0.0, -0.0, 0.0, 0.0, 0.0, 0.0, 0.0, 0.0, 0.0
8, -0.01266385, 204.5, 0.0, -0.0, 0.0, 0.0, -0.0, 0.0, 0.0, 0.0, 0.0, 0.0, 0.0, 0.0
9, -0.02660784, 207.0, 0.0, -0.0, 0.0, 0.0, -0.0, 0.0, 0.0, 0.0, 0.0, 0.0, 0.0, 0.0
10, -0.03343571, 207.0, 0.0, -0.0, 0.0, 0.0, -0.0, 0.0, 0.0, 0.0, 0.0, 0.0, 0.0, 0.0
11, -0.02826163, 206.5, 0.0, -0.0, 0.0, 0.0, -0.0, 0.0, 0.0, 0.0, 0.0, 0.0, 0.0, 0.0
12, -0.02215503, 206.5, 0.0, -0.0, 0.0, 0.0, -0.0, 0.0, 0.0, 0.0, 0.0, 0.0, 0.0, 0.0
13, -0.01487646, 205.5, 0.0, -0.0, 0.0, 0.0, -0.0, 0.0, 0.0, 0.0, 0.0, 0.0, 0.0, 0.0
14, -0.01595263, 205.5, 0.0, -0.0, 0.0, 0.0, -0.0, 0.0, 0.0, 0.0, 0.0, 0.0, 0.0, 0.0
15, -0.0230316, 205.5, 0.0, -0.0, 0.0, 0.0, -0.0, 0.0, 0.0, 0.0, 0.0, 0.0, 0.0, 0.0
16, -0.01580967, 205.0, 0.0, -0.0, 0.0, 0.0, -0.0, 0.0, 0.0, 0.0, 0.0, 0.0, 0.0, 0.0
17, -0.02148725, 205.0, 0.0, -0.0, 0.0, 0.0, -0.0, 0.0, 0.0, 0.0, 0.0, 0.0, 0.0, 0.0
18, -0.02794828, 205.0, 0.0, -0.0, 0.0, 0.0, -0.0, 0.0, 0.0, 0.0, 0.0, 0.0, 0.0, 0.0
19, -0.02471528, 205.5, 0.0, -0.0, 0.0, 0.0, -0.0, 0.0, 0.0, 0.0, 0.0, 0.0, 0.0, 0.0
20, -0.02102233, 205.5, 0.0, -0.0, 0.0, 0.0, -0.0, 0.0, 0.0, 0.0, 0.0, 0.0, 0.0, 0.0
21, -0.02007542, 206.0, 0.0, -0.0, 0.0, 0.0, -0.0, 0.0, 0.0, 0.0, 0.0, 0.0, 0.0, 0.0
22, -0.01919959, 206.0, 0.0, -0.0, 0.0, 0.0, -0.0, 0.0, 0.0, 0.0, 0.0, 0.0, 0.0, 0.0
23, -0.02305915, 206.0, 0.0, -0.0, 0.0, 0.0, -0.0, 0.0, 0.0, 0.0, 0.0, 0.0, 0.0, 0.0
24, -0.02687455, 206.0, 0.0, -0.0, 0.0, 0.0, -0.0, 0.0, 0.0, 0.0, 0.0, 0.0, 0.0, 0.0
25, -0.02151926, 206.0, 0.0, -0.0, 0.0, 0.0, -0.0, 0.0, 0.0, 0.0, 0.0, 0.0, 0.0, 0.0
26, -0.01522263, 206.0, 0.0, -0.0, 0.0, 0.0, -0.0, 0.0, 0.0, 0.0, 0.0, 0.0, 0.0, 0.0
27, -0.02221199, 205.0, 0.0, -0.0, 0.0, 0.0, -0.0, 0.0, 0.0, 0.0, 0.0, 0.0, 0.0, 0.0
28, -0.02657715, 205.0, 0.0, -0.0, 0.0, 0.0, -0.0, 0.0, 0.0, 0.0, 0.0, 0.0, 0.0, 0.0
29, -0.02074461, 205.0, 0.0, -0.0, 0.0, 0.0, -0.0, 0.0, 0.0, 0.0, 0.0, 0.0, 0.0, 0.0
30, -0.02110835, 205.5, 0.0, -0.0, 0.0, 0.0, -0.0, 0.0, 0.0, 0.0, 0.0, 0.0, 0.0, 0.0
31, -0.01955827, 205.5, 0.0, -0.0, 0.0, 0.0, -0.0, 0.0, 0.0, 0.0, 0.0, 0.0, 0.0, 0.0
32, -0.02241444, 205.5, 0.0, -0.0, 0.0, 0.0, -0.0, 0.0, 0.0, 0.0, 0.0, 0.0, 0.0, 0.0
33, -0.02769139, 205.5, 0.0, -0.0, 0.0, 0.0, -0.0, 0.0, 0.0, 0.0, 0.0, 0.0, 0.0, 0.0
34, -0.02312732, 205.5, 0.0, -0.0, 0.0, 0.0, -0.0, 0.0, 0.0, 0.0, 0.0, 0.0, 0.0, 0.0
35, -0.0169216, 205.5, 0.0, -0.0, 0.0, 0.0, -0.0, 0.0, 0.0, 0.0, 0.0, 0.0, 0.0, 0.0
36, -0.01343633, 205.5, 0.0, -0.0, 0.0, 0.0, -0.0, 0.0, 0.0, 0.0, 0.0, 0.0, 0.0, 0.0
37, -0.02649815, 206.5, 0.0, -0.0, 0.0, 0.0, -0.0, 0.0, 0.0, 0.0, 0.0, 0.0, 0.0, 0.0
38, -0.01950012, 206.5, 0.0, -0.0, 0.0, 0.0, -0.0, 0.0, 0.0, 0.0, 0.0, 0.0, 0.0, 0.0
39, -0.0199387, 206.0, 0.0, -0.0, 0.0, 0.0, -0.0, 0.0, 0.0, 0.0, 0.0, 0.0, 0.0, 0.0
40, -0.02645802, 206.0, 0.0, -0.0, 0.0, 0.0, -0.0, 0.0, 0.0, 0.0, 0.0, 0.0, 0.0, 0.0
41, -0.02213896, 205.5, 0.0, -0.0, 0.0, 0.0, -0.0, 0.0, 0.0, 0.0, 0.0, 0.0, 0.0, 0.0
42, -0.02202754, 205.5, 0.0, -0.0, 0.0, 0.0, -0.0, 0.0, 0.0, 0.0, 0.0, 0.0, 0.0, 0.0
43, -0.02397786, 205.5, 0.0, -0.0, 0.0, 0.0, -0.0, 0.0, 0.0, 0.0, 0.0, 0.0, 0.0, 0.0
44, -0.02063603, 205.5, 0.0, -0.0, 0.0, 0.0, -0.0, 0.0, 0.0, 0.0, 0.0, 0.0, 0.0, 0.0
45, -0.01969683, 206.0, 0.0, -0.0, 0.0, 0.0, -0.0, 0.0, 0.0, 0.0, 0.0, 0.0, 0.0, 0.0
46, -0.02575488, 206.0, 0.0, -0.0, 0.0, 0.0, -0.0, 0.0, 0.0, 0.0, 0.0, 0.0, 0.0, 0.0
47, -0.02622316, 206.5, 0.0, -0.0, 0.0, 0.0, -0.0, 0.0, 0.0, 0.0, 0.0, 0.0, 0.0, 0.0
48, -0.01972316, 206.5, 0.0, -0.0, 0.0, 0.0, -0.0, 0.0, 0.0, 0.0, 0.0, 0.0, 0.0, 0.0
49, -0.01969009, 206.5, 0.0, -0.0, 0.0, 0.0, -0.0, 0.0, 0.0, 0.0, 0.0, 0.0, 0.0, 0.0
50, -0.02540641, 206.0, 0.0, -0.0, 0.0, 0.0, -0.0, 0.0, 0.0, 0.0, 0.0, 0.0, 0.0, 0.0
51, -0.02397893, 206.0, 0.0, -0.0, 0.0, 0.0, -0.0, 0.0, 0.0, 0.0, 0.0, 0.0, 0.0, 0.0
52, -0.02681629, 206.0, 0.0, -0.0, 0.0, 0.0, -0.0, 0.0, 0.0, 0.0, 0.0, 0.0, 0.0, 0.0
53, -0.02051913, 205.5, 0.0, -0.0, 0.0, 0.0, -0.0, 0.0, 0.0, 0.0, 0.0, 0.0, 0.0, 0.0
54, -0.02435405, 205.5, 0.0, -0.0, 0.0, 0.0, -0.0, 0.0, 0.0, 0.0, 0.0, 0.0, 0.0, 0.0
55, -0.02603263, 205.5, 0.0, -0.0, 0.0, 0.0, -0.0, 0.0, 0.0, 0.0, 0.0, 0.0, 0.0, 0.0
56, -0.01894679, 205.5, 0.0, -0.0, 0.0, 0.0, -0.0, 0.0, 0.0, 0.0, 0.0, 0.0, 0.0, 0.0
57, -0.01862672, 205.5, 0.0, -0.0, 0.0, 0.0, -0.0, 0.0, 0.0, 0.0, 0.0, 0.0, 0.0, 0.0
58, -0.01808185, 205.5, 0.0, -0.0, 0.0, 0.0, -0.0, 0.0, 0.0, 0.0, 0.0, 0.0, 0.0, 0.0
59, -0.02291389, 206.5, 0.0, -0.0, 0.0, 0.0, -0.0, 0.0, 0.0, 0.0, 0.0, 0.0, 0.0, 0.0
60, -0.02321661, 206.5, 0.0, -0.0, 0.0, 0.0, -0.0, 0.0, 0.0, 0.0, 0.0, 0.0, 0.0, 0.0
61, -0.02498091, 206.5, 0.0, -0.0, 0.0, 0.0, -0.0, 0.0, 0.0, 0.0, 0.0, 0.0, 0.0, 0.0
62, -0.02064443, 206.5, 0.0, -0.0, 0.0, 0.0, -0.0, 0.0, 0.0, 0.0, 0.0, 0.0, 0.0, 0.0
63, -0.019151, 205.5, 0.0, -0.0, 0.0, 0.0, -0.0, 0.0, 0.0, 0.0, 0.0, 0.0, 0.0, 0.0
64, -0.01833914, 205.5, 0.0, -0.0, 0.0, 0.0, -0.0, 0.0, 0.0, 0.0, 0.0, 0.0, 0.0, 0.0
65, -0.02276217, 205.5, 0.0, -0.0, 0.0, 0.003333333, 9.233334, 0.0, 0.0, 0.0, 0.0, 0.0, 0.0, 0.0
66, -0.01688037, 207.0, 0.006666667, 1.766667, 0.0, 0.003333333, 9.233334, 0.0, 0.0, 0.0, 0.0, 0.0, 0.0, 0.0
67, -0.02199998, 206.5, 0.01, 2.133333, 0.0, 0.01, 3.0, 0.0, 0.0, 0.0, 0.0, 0.0, 0.0, 0.0
68, -0.0184655, 206.5, 0.01333333, 2.566667, 0.0, 0.01666667, 3.133333, 0.0, 0.003333333, 2.0, 0.0, 0.003333333, 2.0, 0.0
69, -0.01468144, 205.0, 0.02333333, 6.433333, 0.7719416, 0.02333333, 5.1, 0.0, 0.003333333, 2.0, 0.08928508, 0.006666667, 2.333333, 0.5317155
70, -0.02197748, 205.0, 0.03333333, 8.733334, 2.265567, 0.03, 6.966667, 0.4324013, 0.01, 2.433333, 2.832594, 0.01333333, 2.966667, 1.879428
71, -0.06031927, 205.5, 0.04333333, 10.36667, 3.988914, 0.04, 9.466666, 1.98176, 0.01, 2.433333, 6.387403, 0.01666667, 4.466667, 4.697552
72, -0.1321886, 206.0, 0.05333333, 10.1, 6.26655, 0.05, 9.866667, 3.452003, 0.01666667, 3.1, 10.86995, 0.02, 4.466667, 9.802837
73, -0.1925559, 205.5, 0.06333333, 5.7, 18.40588, 0.05666667, 4.666667, 18.29123, 0.02666667, 4.833333, 25.65024, 0.03, 5.0, 22.73616
74, -0.2190274, 205.5, 0.07333333, 5.566667, 26.83852, 0.05666667, 4.666667, 28.42607, 0.03666667, 9.233334, 32.68206, 0.03666667, 5.1, 35.5237
75, -0.2216459, 206.5, 0.08, 8.7, 35.56242, 0.06333333, 3.433333, 40.77811, 0.05, 13.33333, 40.10373, 0.04333333, 5.433333, 46.71886
76, -0.1977033, 206.5, 0.09333333, 11.96667, 46.27756, 0.07333333, 7.5, 53.53178, 0.07333333, 20.3, 46.51705, 0.05333333, 8.133333, 58.24348
77, -0.1511455, 207.0, 0.1133333, 19.56667, 54.85294, 0.08333334, 9.766666, 66.38296, 0.1, 27.33333, 51.4441, 0.06666667, 12.53333, 70.28946
78, -0.1036958, 206.5, 0.14, 27.26667, 61.57813, 0.09666666, 13.86667, 77.25822, 0.1333333, 36.23333, 53.23684, 0.08333334, 16.63333, 82.48026
79, -0.02513163, 206.5, 0.1733333, 33.53333, 64.64282, 0.1166667, 18.2, 87.7283, 0.1766667, 43.13334, 52.11011, 0.1033333, 19.96667, 95.01693
80, 0.2509589, 207.0, 0.26, 51.73334, 63.99899, 0.1633333, 22.7, 105.92, 0.27, 51.03333, 43.14344, 0.1433333, 18.7, 112.1983
81, 0.3996293, 209.0, 0.32, 57.6, 58.9433, 0.1866667, 25.43333, 108.5103, 0.3233333, 50.53333, 37.4328, 0.16, 15.76667, 113.3631
82, 0.5674269, 209.0, 0.3733333, 53.93333, 52.63961, 0.2133333, 27.1, 107.0473, 0.37, 48.33333, 32.12997, 0.18, 21.1, 112.0486
83, 0.7814566, 213.0, 0.4233334, 46.86666, 47.80688, 0.2433333, 31.46667, 106.2881, 0.4166667, 47.3, 29.54087, 0.2066667, 24.93333, 108.6419
84, 1.030815, 216.5, 0.47, 44.93333, 45.00507, 0.2766667, 32.3, 100.3567, 0.4633333, 47.56667, 28.76955, 0.23, 26.2, 97.41618
85, 1.288415, 216.5, 0.5166667, 48.76667, 44.21358, 0.31, 31.9, 95.80924, 0.5133333, 50.56667, 29.07339, 0.2566667, 26.73333, 97.32375
86, 1.565131, 223.5, 0.57, 53.16667, 46.26356, 0.3433333, 36.2, 94.00565, 0.5666667, 53.26667, 31.48461, 0.2833333, 25.83333, 98.06701
87, 2.209531, 229.0, 0.6866667, 62.3, 53.89793, 0.4233334, 43.3, 95.99671, 0.6833333, 60.93334, 36.23337, 0.3433333, 31.63333, 98.75957
88, 2.513433, 229.0, 0.75, 64.96667, 55.49764, 0.4666667, 42.13334, 94.72424, 0.7433333, 65.03334, 38.06168, 0.3766667, 33.83333, 97.90504
89, 2.833906, 237.0, 0.8166667, 66.36667, 55.57661, 0.51, 43.76667, 96.404, 0.8133333, 70.6, 38.67737, 0.4133333, 36.7, 95.54507
90, 3.219555, 241.0, 0.88, 64.96667, 55.96909, 0.5566667, 46.63333, 96.91642, 0.8833333, 73.83334, 38.85175, 0.45, 40.43334, 96.28647
91, 3.639041, 241.0, 0.9466666, 65.13333, 57.81759, 0.6066667, 47.76667, 96.96466, 0.9666666, 73.6, 38.78909, 0.49, 38.53333, 97.07839
92, 4.040312, 251.5, 1.013333, 68.4, 61.09293, 0.6566667, 51.36667, 96.19168, 1.04, 73.93333, 39.82121, 0.53, 38.46667, 96.20641
93, 4.452407, 251.5, 1.086667, 71.8, 63.3902, 0.71, 53.66667, 95.85907, 1.116667, 75.93334, 40.85388, 0.57, 41.5, 100.0589
94, 5.344375, 258.0, 1.243333, 83.33334, 63.37525, 0.8233334, 58.16667, 96.89007, 1.273333, 78.0, 42.30934, 0.6566667, 47.66667, 100.6242
95, 5.758999, 271.5, 1.326667, 84.53334, 60.11831, 0.8833333, 59.4, 97.03115, 1.353333, 81.2, 42.31141, 0.7033333, 45.2, 96.27846
96, 6.154881, 276.5, 1.413333, 84.23333, 54.6744, 0.9433333, 60.23334, 95.63499, 1.43, 78.66666, 43.90488, 0.75, 46.76667, 99.83011
97, 6.566801, 276.5, 1.493333, 78.16667, 51.12205, 1.003333, 59.16667, 96.37919, 1.51, 78.43334, 42.88271, 0.7966667, 48.06667, 95.24562
98, 7.019346, 290.5, 1.57, 76.53333, 49.84002, 1.063333, 62.56667, 94.95762, 1.59, 76.7, 42.72783, 0.85, 54.2, 99.17329
99, 7.432315, 290.5, 1.646667, 73.66666, 51.861, 1.126667, 64.46667, 92.25608, 1.66, 68.86667, 44.9727, 0.9033333, 54.73333, 96.04164
100, 7.777708, 300.0, 1.72, 76.06667, 54.65962, 1.193333, 65.76667, 88.9525, 1.726667, 65.03334, 50.33762, 0.9599999, 58.2, 99.27506
101, 8.474637, 316.0, 1.876667, 83.7, 57.15372, 1.33, 67.23333, 82.20846, 1.866667, 73.96667, 57.141, 1.076667, 59.96667, 96.90074
102, 8.794421, 324.5, 1.963333, 88.1, 54.86057, 1.396667, 67.76667, 78.96534, 1.943333, 76.66667, 58.62882, 1.136667, 61.96667, 95.06218
103, 9.075433, 324.5, 2.053333, 87.6, 50.76661, 1.463333, 65.83333, 77.58567, 2.02, 79.83334, 58.08405, 1.2, 62.06666, 95.80374
104, 9.3412, 324.5, 2.14, 84.63333, 46.53105, 1.53, 64.76667, 78.22061, 2.103333, 78.76667, 54.41869, 1.26, 60.93334, 95.16508
105, 9.615246, 340.5, 2.223333, 83.26667, 43.6879, 1.596667, 69.76667, 78.20096, 2.18, 80.23334, 49.04533, 1.323333, 64.43334, 95.61647
106, 9.890939, 354.0, 2.306667, 81.46667, 43.41421, 1.666667, 71.06667, 77.81108, 2.256667, 74.56666, 46.52153, 1.386667, 63.33333, 94.52005
107, 10.1166, 354.0, 2.383333, 77.4, 44.94241, 1.74, 71.83334, 77.06316, 2.33, 74.4, 46.71886, 1.45, 64.76667, 93.77266
108, 10.30953, 371.0, 2.46, 78.13333, 48.40461, 1.886667, 74.13333, 70.47085, 2.48, 76.63333, 50.61283, 1.583333, 66.36667, 90.23621
109, 10.7472, 384.0, 2.616667, 78.76667, 54.76458, 1.96, 73.83334, 68.11781, 2.556667, 80.9, 51.57926, 1.646667, 66.6, 89.10479
110, 10.97847, 384.0, 2.696667, 79.56666, 55.79574, 2.03, 71.2, 66.80921, 2.64, 82.83334, 49.67335, 1.71, 65.1, 88.76898
111, 11.21826, 401.0, 2.776667, 80.43334, 56.33095, 2.103333, 75.3, 65.86767, 2.726667, 87.03334, 45.45315, 1.776667, 67.6, 87.70172
112, 11.50608, 417.5, 2.856667, 79.66667, 55.52205, 2.18, 74.43334, 65.35154, 2.813333, 86.90001, 40.23732, 1.846667, 70.36667, 86.59255
113, 11.79013, 417.5, 2.936667, 80.9, 52.9548, 2.256667, 78.93333, 63.76815, 2.9, 83.5, 36.30198, 1.916667, 68.76667, 85.73802
114, 12.0505, 438.0, 3.016667, 77.16667, 50.32228, 2.336667, 78.7, 61.64372, 2.983333, 78.86667, 34.12987, 1.986667, 71.46667, 84.4745
115, 12.31165, 438.0, 3.093333, 76.36667, 46.99178, 2.416667, 78.93333, 59.75801, 3.136667, 74.23333, 39.84218, 2.096667, 71.53333, 81.399
116, 12.74402, 455.0, 3.246667, 75.73333, 37.91934, 2.57, 77.53334, 55.7299, 3.21, 79.06667, 43.76159, 2.166667, 71.30001, 79.71644
117, 12.9381, 477.0, 3.323333, 76.9, 33.13488, 2.65, 76.7, 54.44635, 3.29, 78.7, 46.37505, 2.24, 74.8, 78.43965
118, 13.08291, 495.5, 3.4, 75.1, 28.53603, 2.726667, 80.03333, 52.10025, 3.373333, 83.30001, 47.49956, 2.316667, 77.3, 76.69502
119, 13.18576, 495.5, 3.473333, 75.03334, 24.4533, 2.803333, 76.63333, 47.58314, 3.456667, 85.43334, 46.27738, 2.39, 75.0, 75.33443
120, 13.27826, 513.5, 3.546667, 70.66667, 21.05488, 2.88, 75.33334, 43.56361, 3.543333, 87.0, 43.06927, 2.466667, 79.0, 74.59604
121, 13.33702, 513.5, 3.616667, 70.73333, 18.8584, 2.953333, 72.9, 38.99129, 3.63, 85.6, 39.58162, 2.543333, 78.03333, 72.8233
122, 13.33543, 531.5, 3.686667, 70.03334, 17.42783, 3.023333, 69.16667, 34.46463, 3.716667, 89.40001, 37.27367, 2.623333, 78.3, 71.58843
123, 13.27639, 553.0, 3.823333, 67.7, 15.83243, 3.163333, 71.4, 29.92151, 3.893333, 89.8, 33.06674, 2.776667, 74.86667, 69.94724
124, 13.15243, 571.5, 3.886667, 66.83334, 15.85844, 3.27, 72.46667, 27.21846, 3.983333, 87.36667, 32.97505, 2.853333, 78.46667, 69.77325
125, 12.99072, 571.5, 3.956667, 67.73333, 15.55874, 3.306667, 71.13333, 26.0494, 4.073333, 90.83334, 31.3582, 2.936667, 82.80001, 68.39413
126, 12.78902, 590.5, 4.023334, 66.63333, 15.43302, 3.41, 69.16667, 23.24664, 4.163333, 92.1, 30.23892, 3.023333, 86.36667, 65.18599
127, 12.56273, 590.5, 4.09, 65.66667, 15.72636, 3.476667, 65.66667, 21.30424, 4.256667, 91.43333, 29.74825, 3.11, 85.2, 62.23246
128, 12.32051, 609.5, 4.156667, 68.0, 15.63565, 3.54, 61.1, 21.43367, 4.35, 91.90001, 27.90815, 3.196667, 86.46667, 59.08323
129, 12.03581, 609.5, 4.226666, 66.76667, 15.43939, 3.603333, 61.86666, 22.89869, 4.436666, 88.2, 26.30306, 3.28, 83.0, 55.62106
130, 11.44157, 644.0, 4.356667, 69.0, 14.81719, 3.726667, 62.86666, 28.51544, 4.62, 91.83333, 26.93163, 3.456667, 87.33334, 52.0496
131, 11.14856, 644.0, 4.426667, 67.1, 14.43368, 3.79, 62.76667, 31.57918, 4.716667, 95.30001, 25.92536, 3.543333, 87.23333, 51.54842
132, 10.85438, 658.5, 4.493333, 67.73333, 13.96264, 3.853333, 62.83333, 34.10299, 4.81, 93.86667, 24.92227, 3.63, 88.26667, 50.3098
133, 10.55413, 658.5, 4.563334, 68.6, 13.74675, 3.916667, 66.96667, 35.6269, 4.903333, 89.2, 24.06828, 3.716667, 87.16666, 49.11945
134, 10.27635, 680.0, 4.633333, 68.13333, 13.43861, 3.983333, 64.33334, 37.23353, 4.993333, 89.46667, 23.74368, 3.806667, 88.30001, 47.42681
135, 9.984039, 680.0, 4.7, 69.36667, 13.03548, 4.05, 65.5, 38.92187, 5.083333, 87.53333, 23.32838, 3.896667, 90.26668, 47.05975
136, 9.984039, 695.5, 4.766667, 69.76667, 12.63814, 4.116667, 66.86667, 40.51204, 5.17, 89.90001, 24.97912, 3.983333, 90.5, 45.54428
137, 9.383076, 716.0, 4.906667, 69.66667, 12.08327, 4.256667, 73.13333, 44.70291, 5.35, 92.23333, 28.93351, 4.166667, 86.2, 44.0357
138, 9.080817, 716.0, 4.976666, 70.2, 12.07262, 4.326667, 71.63333, 45.98176, 5.443333, 93.26667, 28.44602, 4.256667, 90.86667, 43.27824
139, 8.771192, 732.5, 5.05, 73.43334, 12.29374, 4.403333, 75.53333, 46.36899, 5.54, 96.43333, 26.12161, 4.35, 92.43334, 42.72073
140, 8.46538, 754.0, 5.12, 73.13333, 12.90211, 4.473333, 69.36667, 46.29792, 5.636667, 96.1, 24.04546, 4.443333, 87.83334, 41.90021
141, 8.169869, 754.0, 5.193333, 72.3, 13.71685, 4.543334, 67.16667, 46.28836, 5.73, 91.93334, 20.26447, 4.533333, 91.7, 40.80697
142, 7.885736, 768.5, 5.266667, 73.36667, 14.22605, 4.61, 68.03333, 48.45995, 5.823333, 90.93333, 18.78565, 4.623333, 86.7, 41.26736
143, 7.628857, 768.5, 5.343333, 74.3, 14.51939, 4.676667, 68.73333, 51.36242, 5.916667, 92.13333, 18.8541, 4.71, 89.3, 41.51242
144, 7.141726, 787.5, 5.493333, 76.16666, 13.98887, 4.83, 79.33334, 58.0182, 6.096667, 92.7, 20.48467, 4.89, 88.63334, 42.67939
145, 6.900748, 802.0, 5.57, 76.0, 13.4473, 4.91, 81.46667, 58.49824, 6.186666, 91.3, 22.10096, 4.98, 93.96667, 44.16142
146, 6.665719, 824.0, 5.646667, 78.53333, 13.33429, 4.99, 79.13333, 57.37374, 6.276667, 90.13333, 23.92142, 5.073333, 94.73333, 43.98106
147, 6.438174, 824.0, 5.723333, 77.56667, 13.07278, 5.07, 78.73333, 55.17561, 6.37, 92.53333, 23.48217, 5.166667, 92.46667, 42.5982
148, 6.220649, 842.0, 5.8, 77.23333, 13.20483, 5.146667, 75.76667, 52.23965, 6.463333, 89.86667, 22.35018, 5.256667, 89.46667, 42.14362
149, 6.018921, 842.0, 5.876667, 77.9, 13.04677, 5.223333, 75.03334, 50.80908, 6.556667, 93.7, 21.0225, 5.346667, 88.8, 42.0699
150, 5.838395, 863.9999, 5.956666, 78.5, 13.43869, 5.3, 79.36667, 50.72678, 6.65, 95.03333, 19.49485, 5.436666, 90.16666, 42.15689
151, 5.517116, 880.0, 6.116667, 79.8, 13.61475, 5.46, 80.66667, 53.61335, 6.843333, 97.7, 16.86756, 5.616667, 90.03333, 43.95879
152, 5.384104, 899.5, 6.196667, 79.33334, 13.62802, 5.54, 79.73333, 53.80754, 6.933333, 92.2, 16.66759, 5.706666, 89.8, 44.16513
153, 5.289921, 899.5, 6.276667, 81.83333, 13.76965, 5.616667, 74.13333, 54.59847, 7.026667, 93.26667, 17.5317, 5.793334, 89.33333, 44.5651
154, 5.207696, 916.0, 6.36, 82.13333, 13.35751, 5.69, 77.03333, 55.81315, 7.116667, 86.03333, 20.1627, 5.883333, 88.86667, 44.93906
155, 5.117395, 916.0, 6.44, 79.96667, 12.52371, 5.773334, 85.53333, 55.16011, 7.203333, 86.23333, 23.50237, 5.97, 88.1, 45.40001
156, 4.987398, 937.5, 6.52, 81.36667, 11.73817, 5.856667, 83.63334, 52.54196, 7.29, 85.0, 26.84838, 6.063334, 93.5, 44.54546
157, 4.842291, 937.5, 6.596667, 79.0, 10.44398, 5.943333, 85.2, 48.34527, 7.373333, 83.86667, 31.19002, 6.156667, 92.56667, 44.22612
158, 4.507442, 979.5, 6.753334, 75.6, 6.426124, 6.09, 63.9, 38.52137, 7.546667, 87.40001, 36.08969, 6.343333, 95.30001, 42.15633
159, 4.325878, 979.5, 6.826667, 74.66667, 4.510824, 6.153333, 59.6, 36.63359, 7.633333, 88.56667, 36.49918, 6.436666, 92.9, 40.99574
160, 4.1418, 995.0, 6.9, 71.6, 2.089511, 6.213333, 63.23333, 36.30844, 7.723333, 91.86667, 35.53856, 6.53, 92.2, 40.52897
161, 3.942401, 995.0, 6.973333, 69.36667, 0.07394794, 6.276667, 62.13334, 38.88427, 7.81, 88.1, 34.59065, 6.616667, 86.53334, 40.45167
162, 3.721864, 1018.0, 7.04, 66.66667, 0.0, 6.34, 61.23333, 42.64989, 7.9, 86.86667, 34.13288, 6.706666, 86.93334, 38.36035
163, 3.4868, 1018.0, 7.106667, 64.6, 0.0, 6.403333, 67.23333, 44.61734, 7.99, 84.23333, 34.47354, 6.793334, 88.66667, 34.37057
164, 3.233546, 1034.0, 7.17, 61.26667, 0.0, 6.47, 63.26667, 42.81767, 8.07, 78.7, 32.93443, 6.88, 86.3, 29.15021
165, 2.621314, 5515.5, 7.283333, 53.8, 0.0, 6.586667, 56.8, 36.33867, 8.216666, 69.03333, 31.33616, 7.05, 82.40001, 13.81036
166, 2.333518, 5534.0, 7.34, 53.93333, 0.0, 6.643333, 52.66667, 33.23841, 8.28, 63.4, 29.50523, 7.13, 77.5, 6.887803
167, 2.018026, 5534.0, 7.393333, 58.4, 0.0, 6.69, 49.36666, 30.71365, 8.346666, 66.33334, 26.2649, 7.203333, 73.23333, 2.176086
168, 1.623579, 5534.0, 7.453333, 56.96667, 0.0, 6.74, 47.13334, 29.40466, 8.41, 63.96667, 23.86694, 7.276667, 68.7, 0.0
169, 1.212459, 5534.0, 7.503334, 53.5, 0.0, 6.786667, 46.63333, 28.06594, 8.47, 58.5, 21.47217, 7.343333, 62.93334, 0.0
170, 0.7934404, 5549.0, 7.553333, 47.36667, 0.0, 6.833333, 47.4, 26.21744, 8.53, 59.66667, 18.57566, 7.403333, 59.7, 0.0
171, 0.3450813, 5549.0, 7.596667, 41.83333, 0.0, 6.883333, 49.46667, 23.20943, 8.59, 57.23333, 14.83412, 7.463333, 61.16667, 0.0
172, -0.08051449, 5549.0, 7.636667, 38.93333, 0.0, 6.976666, 42.43333, 14.56895, 8.696667, 50.6, 6.401092, 7.576667, 49.03333, 0.0
173, -0.8472634, 5563.5, 7.71, 34.2, 0.0, 7.016667, 40.2, 9.87631, 8.743333, 46.73334, 3.284942, 7.62, 42.2, 0.0
174, -1.18658, 5563.5, 7.74, 29.9, 0.0, 7.056667, 38.6, 5.241504, 8.79, 42.63334, 0.4043251, 7.656667, 33.6, 0.07355683
175, -1.499174, 5563.5, 7.766667, 27.03333, 0.0, 7.093333, 35.56667, 1.90256, 8.83, 39.23333, 0.0, 7.683333, 27.83334, 3.516815
176, -1.77705, 5578.0, 7.793334, 25.9, 0.0, 7.126667, 30.86667, 0.0, 8.863334, 33.2, 0.0, 7.706666, 23.0, 10.93172
177, -2.043889, 5578.0, 7.816667, 23.33333, 0.0, 7.153333, 25.63333, 0.0, 8.896667, 29.33333, 0.0, 7.726666, 20.36667, 17.66082
178, -2.30677, 5578.0, 7.84, 21.13333, 0.1347098, 7.176667, 21.93333, 0.0, 8.91, 25.73334, 0.0, 7.753334, 25.4, 17.19637
179, -2.525093, 5578.0, 7.856667, 18.43333, 4.750017, 7.196667, 19.7, 0.0, 8.973333, 34.03333, 2.448523, 7.823333, 35.73334, 19.36461
180, -2.784164, 5587.0, 7.89, 16.43333, 13.13678, 7.23, 17.43333, 0.0, 8.996667, 20.16667, 12.9127, 7.84, 16.1, 27.85681
181, -2.922758, 5587.0, 7.913333, 23.66667, 12.6235, 7.246666, 17.3, 0.0, 9.003333, 14.93333, 22.73758, 7.843333, 10.86667, 29.52353
182, -2.951667, 5597.0, 7.943333, 29.9, 12.23443, 7.266667, 21.7, 0.0, 9.003333, 14.93333, 32.6163, 7.843333, 10.86667, 32.47843
183, -2.855288, 5597.0, 7.966667, 22.5, 17.02909, 7.286667, 18.83333, 3.238288, 9.003333, 14.93333, 42.70414, 7.843333, 10.86667, 42.78588
184, -2.636396, 5597.0, 7.98, 12.76667, 18.98199, 7.296667, 13.16667, 8.261831, 9.003333, 14.93333, 53.34683, 7.843333, 10.86667, 53.43176
185, -2.403487, 5597.0, 7.986667, 9.2, 22.04875, 7.3, 8.733334, 13.14435, 9.003333, 14.93333, 54.92164, 7.84, 2.666667, 54.55195
186, -2.193835, 5604.5, 7.993333, 8.233334, 26.29052, 7.296667, 2.3, 17.95798, 9.003333, 15.2, 56.33146, 7.84, 2.666667, 55.591
187, -1.706902, 5604.5, 8.0, 6.966667, 42.58063, 7.286667, -3.9, 23.46921, 9.003333, 15.2, 64.53548, 7.82, -11.03333, 54.88163
188, -1.488475, 5608.0, 8.0, 6.966667, 45.2624, 7.276667, -9.833333, 20.88908, 9.003333, 12.6, 70.38609, 7.81, -11.93333, 54.22596
189, -1.280456, 5608.0, 8.0, 7.366667, 48.40677, 7.263333, -12.36667, 17.30021, 8.996667, -3.466667, 75.72372, 7.796667, -9.933333, 54.02485
190, -1.04716, 5608.0, 8.0, 7.366667, 51.7659, 7.253334, -10.46667, 14.46606, 8.986667, -11.53333, 80.28689, 7.786667, -11.9, 54.12816
191, -0.8057305, 5608.0, 8.0, 7.366667, 56.58741, 7.25, -9.7, 13.11387, 8.973333, -13.13333, 84.62575, 7.77, -14.83333, 56.32724
192, -0.591561, 5609.5, 7.996666, 0.8333333, 62.02422, 7.246666, -6.066667, 15.59994, 8.956667, -17.16667, 86.14108, 7.753334, -17.1, 58.4208
193, -0.3913533, 5609.5, 7.986667, -3.3, 68.39246, 7.243333, -3.933333, 20.20555, 8.93, -25.93333, 85.58345, 7.733333, -20.1, 61.24582
194, -0.009324883, 5607.0, 7.953333, -20.36667, 80.64837, 7.226666, -10.83333, 36.70435, 8.866667, -33.1, 81.20666, 7.683333, -27.23333, 63.04535
195, 0.1727234, 5607.0, 7.933333, -22.8, 84.58354, 7.21, -17.43333, 44.32602, 8.836667, -32.06667, 77.65374, 7.653333, -28.6, 63.25957
196, 0.348788, 5607.0, 7.91, -22.53333, 87.5947, 7.183333, -25.3, 49.57239, 8.806666, -28.4, 76.88353, 7.623333, -30.86667, 64.10499
197, 0.5190836, 5607.0, 7.883333, -24.7, 92.71647, 7.153333, -30.93333, 52.88476, 8.78, -26.33333, 77.39427, 7.593333, -32.06667, 65.35352
198, 0.6868878, 5604.0, 7.856667, -29.6, 98.38563, 7.12, -35.33333, 53.53654, 8.75, -29.8, 80.21184, 7.556667, -33.96667, 67.14948
199, 0.8400748, 5604.0, 7.82, -37.76667, 104.4452, 7.08, -38.46667, 53.09245, 8.716666, -35.7, 85.23016, 7.523334, -36.53333, 69.57453
200, 0.9870047, 5604.0, 7.78, -39.73333, 106.312, 7.04, -42.16667, 52.28767, 8.676666, -40.93334, 91.13538, 7.483333, -39.5, 71.53174
201, 1.337541, 5599.0, 7.696667, -41.13334, 106.4549, 6.956666, -42.53334, 50.45588, 8.59, -45.6, 100.6306, 7.396667, -45.76667, 74.56933
202, 1.487875, 5599.0, 7.66, -37.46667, 103.421, 6.91, -46.33333, 51.84812, 8.54, -50.93334, 104.8512, 7.346667, -50.06667, 75.22167
203, 1.625718, 5599.0, 7.62, -40.7, 99.00132, 6.86, -51.86666, 53.31836, 8.486667, -55.1, 105.1206, 7.296667, -53.73333, 75.82256
204, 1.827406, 5593.0, 7.576667, -43.0, 96.22867, 6.803333, -62.26667, 53.51445, 8.433333, -51.63333, 104.4495, 7.24, -54.63334, 76.14342
205, 2.083439, 5593.0, 7.53, -47.53334, 98.05755, 6.733333, -72.06666, 52.43278, 8.383333, -49.13333, 104.1313, 7.183333, -58.16667, 77.31507
206, 2.378838, 5593.0, 7.48, -49.23334, 97.30739, 6.66, -72.86667, 48.11452, 8.333333, -50.36666, 102.9368, 7.123333, -60.53333, 77.8709
207, 2.700061, 5587.0, 7.43, -49.26667, 97.54387, 6.586667, -73.06667, 41.47504, 8.283334, -50.4, 99.5001, 7.063334, -60.83333, 79.09083
208, 3.445107, 5587.0, 7.333333, -49.13333, 98.33481, 6.446667, -66.5, 28.02155, 8.17, -58.9, 97.34745, 6.933333, -67.26667, 81.89827
209, 3.827323, 5587.0, 7.283333, -52.8, 99.06945, 6.383333, -60.53333, 26.61737, 8.11, -60.9, 94.77481, 6.866667, -66.46667, 82.88117
210, 4.183286, 5578.0, 7.226666, -54.23334, 99.49, 6.326667, -59.1, 32.67004, 8.05, -62.93334, 91.41234, 6.803333, -66.43333, 83.56811
211, 4.509901, 1166.0, 7.173333, -54.26667, 98.67792, 6.263333, -64.6, 42.91635, 7.986667, -64.76667, 88.34056, 6.733333, -71.76667, 82.29769
212, 4.80716, 1166.0, 7.116667, -57.33333, 96.54656, 6.196667, -68.83334, 53.59611, 7.92, -65.53333, 83.46895, 6.66, -73.16667, 78.98984
213, 5.09234, 1157.0, 7.053333, -62.23333, 95.90679, 6.123333, -72.4, 62.56261, 7.853333, -68.46667, 79.54899, 6.586667, -71.56667, 75.85969
214, 5.383038, 1157.0, 6.993333, -64.43334, 93.21105, 6.046667, -79.26667, 67.16783, 7.786667, -64.0, 76.42839, 6.513333, -74.36667, 73.63818
215, 5.975096, 1137.5, 6.863333, -64.63333, 88.58134, 5.88, -86.36667, 59.51778, 7.66, -63.96667, 77.04425, 6.363333, -75.73333, 67.69989
216, 6.320437, 1126.0, 6.8, -64.03333, 86.42455, 5.793334, -84.03334, 50.94267, 7.596667, -63.06667, 78.56236, 6.29, -75.46667, 66.68462
217, 6.660492, 1107.0, 6.736667, -62.36667, 85.43211, 5.706666, -86.16667, 45.16672, 7.533333, -65.53333, 79.09384, 6.213333, -75.23333, 66.13667
218, 6.972445, 1107.0, 6.67, -65.6, 84.9966, 5.626667, -80.16666, 41.9077, 7.463333, -71.13333, 78.77131, 6.136667, -79.93333, 64.65992
219, 7.272555, 1107.0, 6.603333, -68.03333, 83.88426, 5.55, -73.96667, 42.71397, 7.39, -72.6, 76.21775, 6.056667, -79.03333, 63.43512
220, 7.528159, 1096.0, 6.533333, -70.96667, 82.23352, 5.476666, -74.26667, 46.41433, 7.316667, -76.26667, 71.33398, 5.976666, -79.36667, 61.53296
221, 7.747523, 1077.5, 6.463333, -71.2, 80.3637, 5.4, -77.73333, 50.92731, 7.243333, -74.1, 66.22103, 5.896667, -80.96667, 60.22382
222, 8.136673, 1065.0, 6.316667, -75.66667, 73.19425, 5.243333, -84.36667, 56.68044, 7.093333, -70.96667, 60.86041, 5.736667, -77.6, 58.8346
223, 8.314466, 1048.0, 6.24, -73.63333, 70.1702, 5.16, -84.36667, 55.72616, 7.02, -76.0, 59.84461, 5.656667, -81.1, 58.74123
224, 8.463592, 1048.0, 6.166667, -77.06666, 67.56198, 5.073333, -86.50001, 51.91864, 6.94, -79.13333, 59.2542, 5.576667, -79.13333, 58.71788
225, 8.574265, 1048.0, 6.086667, -78.36667, 64.94106, 4.99, -83.9, 48.56307, 6.86, -81.6, 57.41992, 5.496666, -80.56666, 59.38517
226, 8.675654, 1034.0, 6.01, -77.8, 62.86809, 4.906667, -82.33334, 46.20632, 6.776667, -85.16666, 54.54067, 5.416667, -81.93334, 59.44615
227, 8.742043, 1015.0, 5.926667, -83.5, 60.88212, 4.826667, -79.13333, 44.87173, 6.69, -83.03333, 51.12674, 5.333333, -79.6, 57.89249
228, 8.791654, 1015.0, 5.843333, -83.63334, 58.26757, 4.743333, -82.73334, 45.80054, 6.61, -80.0, 47.94836, 5.253334, -80.06667, 57.61243
229, 8.854518, 999.0, 5.676667, -85.1, 53.2098, 4.576667, -87.26667, 47.06668, 6.45, -76.36667, 47.22061, 5.086667, -82.36667, 53.59125
230, 8.898085, 980.4999, 5.593333, -84.33333, 51.14638, 4.49, -88.2, 45.90606, 6.373333, -78.86667, 49.18323, 5.003334, -83.53333, 49.73768
231, 8.931892, 980.4999, 5.51, -84.6, 49.97623, 4.403333, -86.96667, 44.73272, 6.293334, -82.76668, 50.88169, 4.916667, -82.96667, 46.05865
232, 8.939922, 963.5, 5.423333, -88.1, 49.43729, 4.316667, -86.03333, 43.03689, 6.21, -83.33334, 50.63716, 4.836667, -81.43333, 40.49654
233, 8.953572, 946.5, 5.336667, -88.16667, 48.61827, 4.23, -85.93333, 41.4604, 6.123333, -86.50001, 47.9081, 4.756667, -80.33334, 34.81934
234, 8.9156, 946.5, 5.246666, -90.7, 47.46083, 4.143333, -85.4, 41.37288, 6.036667, -88.06666, 43.35489, 4.676667, -80.53333, 30.5531
235, 8.823019, 928.5, 5.16, -91.3, 46.46411, 4.06, -85.83334, 42.41732, 5.95, -83.5, 37.36583, 4.596667, -77.83334, 27.47871
236, 8.66832, 928.5, 5.066667, -89.56667, 44.68819, 3.896667, -83.66667, 46.98812, 5.783333, -80.30001, 23.74545, 4.44, -76.63333, 22.91386
237, 8.259425, 908.0, 4.88, -94.53334, 40.67114, 3.813333, -84.13333, 48.93482, 5.706666, -78.9, 19.80545, 4.4, -76.53333, 22.54309
238, 7.979877, 888.9999, 4.786667, -96.13334, 38.55627, 3.726667, -87.80001, 49.55065, 5.626667, -78.83334, 16.52526, 4.323333, -78.6, 21.41484
239, 7.681684, 872.0, 4.686666, -98.46667, 36.22868, 3.64, -88.06666, 48.76664, 5.55, -76.2, 14.41094, 4.246666, -75.53333, 21.15442
240, 7.38428, 872.0, 4.59, -102.9333, 33.78493, 3.55, -88.33334, 46.8003, 5.476666, -73.2, 14.22105, 4.17, -78.46667, 21.17087
241, 7.06098, 851.4999, 4.49, -101.1667, 31.18047, 3.463333, -84.2, 45.13738, 5.403333, -72.6, 15.75189, 4.093333, -78.46667, 20.80273
242, 6.673737, 851.4999, 4.393333, -99.2, 29.09478, 3.383333, -81.3, 44.82497, 5.333333, -70.06667, 18.47458, 4.016667, -77.5, 20.91944
243, 6.258358, 834.9999, 4.293334, -98.13334, 27.08336, 3.303333, -76.13333, 44.85693, 5.19, -75.66667, 25.14157, 3.863333, -78.23333, 21.41484
244, 5.333537, 817.0, 4.09, -103.8667, 23.98612, 3.15, -73.56667, 52.08831, 5.11, -76.93334, 27.47648, 3.79, -76.33334, 21.47639
245, 4.835828, 799.0, 3.986667, -103.2333, 22.69026, 3.07, -78.26667, 56.15627, 5.036667, -76.46667, 29.54196, 3.713333, -75.9, 22.24227
246, 4.32072, 799.0, 3.88, -105.3, 21.08779, 2.996667, -75.06667, 59.06734, 4.956666, -78.53333, 30.95608, 3.636667, -77.73333, 23.68502
247, 3.8183, 777.5, 3.773333, -105.5333, 19.53731, 2.916667, -79.46667, 61.39755, 4.883333, -73.80001, 32.18348, 3.56, -73.66666, 25.43491
248, 3.316039, 777.5, 3.67, -106.3667, 17.70359, 2.84, -78.36667, 62.32582, 4.806667, -74.5, 35.29231, 3.483333, -79.23333, 27.96288
249, 2.816478, 763.5, 3.563333, -107.7, 16.36901, 2.76, -81.50001, 60.94986, 4.733333, -74.53333, 40.26665, 3.406667, -77.63333, 30.98209
250, 2.335984, 763.5, 3.46, -104.7, 15.63118, 2.68, -77.9, 59.37022, 4.656667, -75.03334, 45.7895, 3.326667, -78.66666, 34.71519
251, 1.465137, 727.0, 3.253333, -102.2, 15.46412, 2.53, -73.63333, 57.96675, 4.51, -76.73333, 56.59774, 3.163333, -82.5, 42.74691
252, 1.066079, 727.0, 3.153333, -99.33333, 15.84444, 2.423333, -73.3, 61.42839, 4.433333, -72.6, 59.90503, 3.08, -83.46667, 45.67594
253, 0.7027435, 727.0, 3.053333, -100.1, 16.77643, 2.35, -73.13333, 63.68116, 4.36, -74.23333, 61.38497, 2.996667, -88.06666, 47.9966
254, 0.3805725, 727.0, 2.953333, -100.0667, 17.14668, 2.276667, -73.43334, 65.71804, 4.283333, -78.1, 60.9431, 2.91, -85.56666, 49.69824
255, 0.09032619, 682.0, 2.85, -99.3, 17.98477, 2.203333, -72.46667, 67.43295, 4.21, -72.76667, 60.36281, 2.826667, -83.23333, 50.03029
256, -0.156842, 682.0, 2.75, -101.0667, 18.06858, 2.13, -73.7, 66.54658, 4.136667, -74.23333, 60.75322, 2.74, -86.13334, 49.90458
257, -0.3912041, 682.0, 2.65, -99.7, 18.53962, 2.053333, -74.13333, 65.57959, 4.06, -75.3, 61.33617, 2.653333, -89.83334, 49.11738
258, -0.7923689, 643.0, 2.453333, -96.46667, 19.97075, 1.91, -73.93333, 65.42152, 3.91, -74.4, 60.43706, 2.476667, -87.6, 47.56372
259, -0.9743999, 643.0, 2.353333, -97.80001, 20.82267, 1.833333, -74.2, 65.45706, 3.83, -80.63334, 60.34954, 2.39, -87.23333, 46.3453
260, -1.1552, 643.0, 2.256667, -98.63334, 20.74054, 1.76, -76.73333, 65.14409, 3.753333, -75.3, 59.06638, 2.296667, -89.16667, 44.98789
261, -1.306995, 602.5, 2.16, -96.63333, 19.74452, 1.683333, -76.03333, 65.21462, 3.676667, -80.16666, 56.86451, 2.21, -89.36667, 44.22034
262, -1.430655, 602.5, 2.066667, -94.03334, 17.20121, 1.606667, -78.1, 64.48632, 3.593333, -82.63333, 55.45883, 2.116667, -91.03333, 43.96254
263, -1.54636, 602.5, 1.973333, -91.86667, 13.93599, 1.526667, -78.5, 63.76066, 3.51, -82.1, 53.33759, 2.026667, -93.83334, 42.7982
264, -1.644281, 560.5, 1.88, -93.06666, 9.59133, 1.45, -78.16667, 61.63252, 3.43, -82.56667, 50.6095, 1.933333, -92.3, 41.47633
265, -1.780517, 560.5, 1.703333, -84.83334, 1.539022, 1.31, -66.96667, 66.23998, 3.263333, -77.56667, 47.88997, 1.75, -87.46667, 38.3718
266, -1.803924, 560.5, 1.62, -81.83333, 0.0, 1.24, -71.86667, 69.87296, 3.183333, -78.16667, 48.28993, 1.66, -89.23333, 35.79723
267, -1.830796, 517.5, 1.54, -80.13333, 0.0, 1.163333, -76.9, 70.63305, 3.106667, -77.5, 50.04993, 1.573333, -87.26667, 31.82019
268, -1.864088, 517.5, 1.463333, -72.93334, 0.0, 1.086667, -76.86667, 71.16248, 3.03, -78.13333, 51.83913, 1.486667, -85.0, 26.75415
269, -1.900675, 517.5, 1.353333, -76.5, 0.0, 0.9766666, -71.13333, 66.54205, 2.91, -80.03333, 51.59477, 1.363333, -81.6, 16.46293
270, -1.923948, 479.5, 1.286667, -67.16667, 0.0, 0.9066667, -66.9, 59.45507, 2.833333, -74.43334, 48.35983, 1.283333, -77.63333, 9.709082
271, -1.890025, 479.5, 1.216667, -68.2, 0.0, 0.8433333, -60.3, 51.78085, 2.763333, -70.9, 43.16174, 1.21, -74.06667, 4.123205
272, -1.795205, 479.5, 1.15, -64.7, 0.0, 0.7833333, -59.96667, 46.04378, 2.69, -70.13333, 36.29699, 1.133333, -74.36667, 0.3487594
273, -1.667126, 434.5, 1.09, -57.6, 0.0, 0.7233334, -60.16667, 40.78996, 2.623333, -67.53334, 29.43486, 1.066667, -66.16666, 0.0
274, -1.510057, 434.5, 1.04, -47.5, 0.0, 0.6633334, -58.26667, 36.62563, 2.556667, -67.43333, 22.67039, 1.0, -63.3, 0.0
275, -1.328225, 434.5, 0.9966667, -40.46667, 0.0, 0.6033334, -59.96667, 32.2056, 2.42, -63.63334, 11.27372, 0.8833333, -59.13333, 0.0
276, -0.995717, 394.5, 0.9333333, -30.2, 0.0, 0.4866667, -57.93334, 20.33376, 2.356667, -61.5, 6.268701, 0.8233334, -57.23333, 0.0
277, -0.8881579, 394.5, 0.9, -33.6, 0.0, 0.43, -55.4, 13.54063, 2.296667, -58.0, 2.211007, 0.77, -52.26667, 0.0
278, -0.7728541, 394.5, 0.86, -39.26667, 0.0, 0.3766667, -53.36667, 7.545791, 2.243333, -52.93334, 0.0, 0.7233334, -45.26667, 0.0
279, -0.6370934, 356.0, 0.82, -43.13334, 0.0, 0.3266666, -48.7, 2.821364, 2.19, -49.8, 0.0, 0.6833333, -40.33333, 0.0
280, -0.4763072, 356.0, 0.78, -40.33333, 0.0, 0.28, -43.83333, 0.0, 2.143333, -43.03333, 0.0, 0.6466666, -36.63334, 0.0
281, -0.3419657, 356.0, 0.7433333, -33.53333, 0.0, 0.24, -37.16667, 0.0, 2.103333, -38.76667, 0.0, 0.61, -33.53333, 0.0
282, -0.2583015, 356.0, 0.7166667, -26.26667, 0.0, 0.2033333, -34.93334, 0.0, 2.07, -32.56667, 0.0, 0.5766666, -32.53333, 0.0
283, -0.08149136, 324.5, 0.6766667, -18.4, 0.0, 0.1266667, -38.0, 0.0, 2.016667, -26.33333, 0.0, 0.5166667, -28.8, 0.0
284, -0.005606034, 324.5, 0.66, -18.23333, 0.0, 0.09333333, -32.1, 5.346238, 1.99, -24.03333, 0.0, 0.49, -30.66667, 0.0
285, 0.03183627, 294.5, 0.6433333, -16.6, 0.0, 0.06333333, -28.0, 14.16683, 1.97, -22.26667, 0.0, 0.45, -37.33333, 1.260244
286, 0.1151976, 294.5, 0.6266666, -15.3, 0.0, 0.03, -36.86666, 13.22202, 1.95, -19.26667, 0.0, 0.4166667, -34.23333, 0.9136355
287, 0.2367088, 294.5, 0.6133333, -15.66667, 0.0, -0.01, -40.9, 12.71829, 1.926667, -23.06667, 0.0, 0.38, -36.46667, 0.6912331
288, 0.3122519, 294.5, 0.5933333, -16.13333, 0.0, -0.05, -38.53333, 12.5909, 1.903333, -25.36667, 0.0, 0.3433333, -35.66667, 0.6455848
289, 0.3653246, 272.0, 0.5766666, -19.16667, 0.0, -0.09, -39.63334, 12.60045, 1.873333, -29.33333, 0.0, 0.31, -35.3, 0.6652241
290, 0.5170715, 272.0, 0.53, -23.16667, 0.0, -0.17, -38.0, 9.887848, 1.81, -33.43333, 0.0, 0.2433333, -32.36666, 0.7862451
291, 0.5817542, 256.0, 0.5066667, -23.2, 0.0, -0.2033333, -35.56667, 4.870479, 1.776667, -32.76667, 0.0, 0.21, -31.06667, 0.8547174
292, 0.6459515, 256.0, 0.4866667, -22.76667, 0.0, -0.2366667, -33.33333, 0.0, 1.743333, -30.33334, 0.0, 0.18, -29.16667, 0.0
293, 0.7202085, 256.0, 0.4633333, -21.96667, 1.080053, -0.26, -21.2, 5.86555, 1.716667, -29.46667, 0.861953, 0.16, -22.26667, 3.909155
294, 0.7934854, 256.0, 0.4533333, -15.2, 8.082758, -0.2633333, -18.06667, 12.53168, 1.703333, -19.46667, 6.755495, 0.1533333, -15.6, 9.771911
295, 0.8595055, 241.0, 0.4466667, -7.766667, 13.60117, -0.2533333, -0.0, 16.3454, 1.696667, -10.96667, 11.44796, 0.1566667, -4.366667, 14.30908
296, 0.8666481, 241.0, 0.4466667, -7.766667, 18.98819, -0.2566667, 3.1, 20.40491, 1.696667, -10.96667, 16.00698, 0.1566667, -4.366667, 20.16829
297, 0.9986927, 234.5, 0.45, -1.633333, 29.0633, -0.2766667, -10.3, 34.33416, 1.71, 4.0, 22.10599, 0.1466667, -1.6, 33.08336
298, 1.111272, 227.5, 0.46, 1.5, 26.19469, -0.28, -8.266666, 35.56681, 1.723333, 11.03333, 18.10071, 0.1433333, -3.4, 34.50011
299, 1.192932, 227.5, 0.4666667, 7.933333, 21.76081, -0.2833333, -6.466667, 39.47873, 1.733333, 11.86667, 12.7524, 0.1366667, -4.366667, 37.86202
300, 1.316627, 227.5, 0.4766666, 9.666667, 16.08252, -0.2833333, -6.466667, 45.23767, 1.743333, 11.03333, 7.736149, 0.1366667, -4.366667, 40.1423
301, 1.466112, 221.5, 0.4866667, 9.266666, 10.84666, -0.2833333, -6.466667, 47.39128, 1.75, 8.866667, 3.690078, 0.1366667, -4.366667, 41.87311
302, 1.555549, 221.5, 0.4933333, 7.866667, 5.939665, -0.2833333, -6.466667, 46.59826, 1.75, 8.866667, 1.261278, 0.1366667, -4.366667, 42.24389
303, 1.603543, 221.5, 0.4933333, 6.933333, 2.39008, -0.2833333, -6.0, 45.80207, 1.75, 8.866667, 0.0, 0.1366667, -4.366667, 42.23699
304, 1.747674, 222.0, 0.4933333, 6.933333, 0.0, -0.2766667, 1.533333, 42.40944, 1.75, 8.866667, 0.0, 0.14, -1.633333, 42.07088
305, 1.767354, 222.0, 0.4933333, 7.0, 0.0, -0.27, 4.5, 39.54457, 1.75, 8.866667, 0.0, 0.1433333, 2.1, 41.22753
306, 1.766903, 222.0, 0.4933333, 7.0, 0.0, -0.2633333, 5.0, 35.94934, 1.75, 9.166667, 0.0, 0.15, 5.633333, 39.27764
307, 1.77315, 226.5, 0.4933333, 7.0, 0.0, -0.26, 5.5, 31.30277, 1.753333, 5.133333, 0.0, 0.1566667, 5.6, 37.01216
308, 1.764775, 226.5, 0.4933333, 5.766667, 0.0, -0.2533333, 5.033333, 25.9481, 1.756667, 4.066667, 0.0, 0.1633333, 5.9, 34.37909
309, 1.750259, 226.5, 0.4933333, 5.766667, 0.0, -0.25, 4.633333, 21.97726, 1.756667, 4.066667, 0.0, 0.17, 5.7, 31.55722
310, 1.733216, 226.5, 0.4933333, 5.766667, 0.0, -0.25, 4.633333, 18.43667, 1.76, 2.633333, 0.0, 0.1733333, 5.366667, 28.65045
311, 1.664489, 229.0, 0.49, -0.7333333, 0.0, -0.25, 4.633333, 12.31682, 1.763333, 2.866667, 0.0, 0.1733333, 5.366667, 21.34224
312, 1.618573, 229.0, 0.4933333, -0.0, 0.0, -0.25, 4.633333, 9.593006, 1.763333, 2.866667, 0.0, 0.1733333, 5.366667, 17.21593
313, 1.582421, 231.0, 0.4933333, -0.0, 0.0, -0.25, 4.666667, 7.120625, 1.763333, 2.866667, 0.0, 0.1733333, 5.366667, 13.63494
314, 1.544789, 231.0, 0.4933333, -0.0, 0.0, -0.25, 4.666667, 5.444434, 1.763333, 2.8, 0.0, 0.1733333, 5.366667, 9.963779
315, 1.509606, 231.0, 0.4933333, -0.0, 0.0, -0.25, 4.666667, 3.684434, 1.763333, 2.8, 0.0, 0.17, 2.3, 6.517503
316, 1.497294, 231.0, 0.4933333, 1.133333, 0.0, -0.25, 4.033333, 1.550476, 1.763333, 2.8, 0.0, 0.17, 2.3, 2.926964
317, 1.5076, 232.5, 0.49, 0.9, 0.0, -0.25, 4.033333, 0.0, 1.763333, 2.633333, 0.0, 0.17, 2.3, 0.0
318, 1.559247, 232.5, 0.49, 0.9, 0.0, -0.25, 4.8, 0.0, 1.763333, 2.633333, 0.0, 0.17, 2.3, 0.0
319, 1.603481, 231.5, 0.49, 0.9, 0.0, -0.25, 4.8, 0.0, 1.763333, 4.0, 0.0, 0.17, 2.3, 0.0
320, 1.653666, 231.5, 0.49, -0.0, 0.0, -0.25, 4.8, 0.0, 1.763333, 4.0, 0.0, 0.17, 0.0, 0.0
321, 1.697292, 231.5, 0.49, -0.0, 0.0, -0.25, -0.0, 0.0, 1.763333, 4.0, 0.0, 0.17, 0.0, 0.0
322, 1.725755, 231.5, 0.49, -0.0, 0.0, -0.25, -0.0, 0.0, 1.763333, 0.0, 0.0, 0.17, 0.0, 0.0
323, 1.740266, 230.5, 0.49, -2.333333, 0.0, -0.25, -0.0, 0.0, 1.763333, 0.0, 0.0, 0.17, -16.66667, 0.0
324, 1.746244, 230.5, 0.49, -2.333333, 0.0, -0.25, -0.0, 0.0, 1.763333, 0.0, 0.0, 0.17, -16.66667, 0.0
325, 1.715313, 230.5, 0.49, -2.333333, 0.0, -0.25, -0.0, 0.0, 1.763333, 0.0, 0.0, 0.17, -16.66667, 0.0
326, 1.687708, 230.5, 0.49, -2.333333, 0.0, -0.25, -0.0, 0.0, 1.763333, 0.0, 0.0, 0.17, -16.66667, 0.0
327, 1.667459, 230.5, 0.49, -2.333333, 0.0, -0.25, -0.0, 0.0, 1.763333, 0.0, 0.0, 0.17, -16.66667, 0.0
328, 1.661135, 230.5, 0.49, -0.0, 0.0, -0.25, -0.0, 0.0, 1.763333, 0.0, 0.0, 0.17, 0.0, 0.0
329, 1.661609, 231.0, 0.49, -0.0, 0.0, -0.25, -0.0, 0.0, 1.763333, 0.0, 0.0, 0.17, 0.0, 0.0
330, 1.669608, 231.0, 0.49, -0.0, 0.0, -0.25, -0.0, 0.0, 1.763333, 0.0, 0.0, 0.17, 0.0, 0.0
331, 1.685541, 231.0, 0.49, -0.0, 0.0, -0.25, -0.0, 0.0, 1.763333, 0.0, 0.0, 0.17, 0.0, 0.0
332, 1.693818, 231.0, 0.49, -0.0, 0.0, -0.25, -0.0, 0.0, 1.763333, 0.0, 0.0, 0.17, 0.0, 0.0
333, 1.697894, 231.0, 0.49, -0.0, 0.0, -0.25, -0.0, 0.0, 1.763333, 0.0, 0.0, 0.17, 0.0, 0.0
334, 1.696129, 231.0, 0.49, -0.0, 0.0, -0.25, -0.0, 0.0, 1.763333, 0.0, 0.0, 0.17, 0.0, 0.0
335, 1.687878, 232.5, 0.49, -0.0, 0.0, -0.25, -0.0, 0.0, 1.763333, 0.0, 0.0, 0.17, 0.0, 0.0
336, 1.687436, 232.5, 0.49, -0.0, 0.0, -0.25, -0.0, 0.0, 1.763333, 0.0, 0.0, 0.17, 0.0, 0.0
337, 1.691667, 232.5, 0.49, -0.0, 0.0, -0.25, -0.0, 0.0, 1.763333, 0.0, 0.0, 0.17, 0.0, 0.0
338, 1.694401, 230.5, 0.49, -0.0, 0.0, -0.25, -0.0, 0.0, 1.763333, 0.0, 0.0, 0.17, 0.0, 0.0
339, 1.69644, 230.5, 0.49, -0.0, 0.0, -0.25, -0.0, 0.0, 1.763333, 0.0, 0.0, 0.17, 0.0, 0.0
340, 1.707509, 230.5, 0.49, -0.0, 0.0, -0.25, -0.0, 0.0, 1.763333, 0.0, 0.0, 0.17, 0.0, 0.0
341, 1.714052, 231.0, 0.49, -0.0, 0.0, -0.25, -0.0, 0.0, 1.763333, 0.0, 0.0, 0.17, 0.0, 0.0
342, 1.711163, 231.0, 0.49, -0.0, 0.0, -0.25, -0.0, 0.0, 1.763333, 0.0, 0.0, 0.17, 0.0, 0.0
343, 1.704176, 231.0, 0.49, -0.0, 0.0, -0.25, -0.0, 0.0, 1.763333, 0.0, 0.0, 0.17, 0.0, 0.0
344, 1.697194, 231.0, 0.49, -0.0, 0.0, -0.25, -0.0, 0.0, 1.763333, 0.0, 0.0, 0.17, 0.0, 0.0
345, 1.690168, 229.5, 0.49, -0.0, 0.0, -0.25, -0.0, 0.0, 1.763333, 0.0, 0.0, 0.17, 0.0, 0.0
346, 1.683202, 229.5, 0.49, -0.0, 0.0, -0.25, -0.0, 0.0, 1.763333, 0.0, 0.0, 0.17, 0.0, 0.0
347, 1.689332, 231.0, 0.49, -0.0, 0.0, -0.25, -0.0, 0.0, 1.763333, 0.0, 0.0, 0.17, 0.0, 0.0
348, 1.694223, 231.0, 0.49, -0.0, 0.0, -0.25, -0.0, 0.0, 1.763333, 0.0, 0.0, 0.17, 0.0, 0.0
349, 1.700853, 231.0, 0.49, -0.0, 0.0, -0.25, -0.0, 0.0, 1.763333, 0.0, 0.0, 0.17, 0.0, 0.0
350, 1.707928, 231.0, 0.49, -0.0, 0.0, -0.25, -0.0, 0.0, 1.763333, 0.0, 0.0, 0.17, 0.0, 0.0
351, 1.714266, 231.0, 0.49, -0.0, 0.0, -0.25, -0.0, 0.0, 1.763333, 0.0, 0.0, 0.17, 0.0, 0.0
352, 1.719884, 231.5, 0.49, -0.0, 0.0, -0.25, -0.0, 0.0, 1.763333, 0.0, 0.0, 0.17, 0.0, 0.0
353, 1.712933, 231.5, 0.49, -0.0, 0.0, -0.25, -0.0, 0.0, 1.763333, 0.0, 0.0, 0.17, 0.0, 0.0
354, 1.698937, 230.5, 0.49, -0.0, 0.0, -0.25, -0.0, 0.0, 1.763333, 0.0, 0.0, 0.17, 0.0, 0.0
355, 1.692176, 230.5, 0.49, -0.0, 0.0, -0.25, -0.0, 0.0, 1.763333, 0.0, 0.0, 0.17, 0.0, 0.0
356, 1.684982, 230.5, 0.49, -0.0, 0.0, -0.25, -0.0, 0.0, 1.763333, 0.0, 0.0, 0.17, 0.0, 0.0
357, 1.679357, 230.5, 0.49, -0.0, 0.0, -0.25, -0.0, 0.0, 1.763333, 0.0, 0.0, 0.17, 0.0, 0.0
358, 1.676438, 232.0, 0.49, -0.0, 0.0, -0.25, -0.0, 0.0, 1.763333, 0.0, 0.0, 0.17, 0.0, 0.0
359, 1.67326, 232.0, 0.49, -0.0, 0.0, -0.25, -0.0, 0.0, 1.763333, 0.0, 0.0, 0.17, 0.0, 0.0
360, 1.669416, 231.5, 0.49, -0.0, 0.0, -0.25, -0.0, 0.0, 1.763333, 0.0, 0.0, 0.17, 0.0, 0.0
361, 1.682162, 231.5, 0.49, -0.0, 0.0, -0.25, -0.0, 0.0, 1.763333, 0.0, 0.0, 0.17, 0.0, 0.0
362, 1.689085, 231.5, 0.49, -0.0, 0.0, -0.25, -0.0, 0.0, 1.763333, 0.0, 0.0, 0.17, 0.0, 0.0
363, 1.689085, 232.0, 0.49, -0.0, 0.0, -0.25, -0.0, 0.0, 1.763333, 0.0, 0.0, 0.17, 0.0, 0.0
364, 1.695274, 232.0, 0.49, -0.0, 0.0, -0.25, -0.0, 0.0, 1.763333, 0.0, 0.0, 0.17, 0.0, 0.0
365, 1.702308, 232.0, 0.49, -0.0, 0.0, -0.25, -0.0, 0.0, 1.763333, 0.0, 0.0, 0.17, 0.0, 0.0
366, 1.706466, 232.0, 0.49, -0.0, 0.0, -0.25, -0.0, 0.0, 1.763333, 0.0, 0.0, 0.17, 0.0, 0.0
367, 1.701877, 231.5, 0.49, -0.0, 0.0, -0.25, -0.0, 0.0, 1.763333, 0.0, 0.0, 0.17, 0.0, 0.0
368, 1.686615, 231.5, 0.49, -0.0, 0.0, -0.25, -0.0, 0.0, 1.763333, 0.0, 0.0, 0.17, 0.0, 0.0
369, 1.680476, 231.0, 0.49, -0.0, 0.0, -0.25, -0.0, 0.0, 1.763333, 0.0, 0.0, 0.17, 0.0, 0.0
370, 1.674146, 231.0, 0.49, -0.0, 0.0, -0.25, -0.0, 0.0, 1.763333, 0.0, 0.0, 0.17, 0.0, 0.0
371, 1.667301, 231.0, 0.49, -0.0, 0.0, -0.25, -0.0, 0.0, 1.763333, 0.0, 0.0, 0.17, 0.0, 0.0
372, 1.670979, 231.0, 0.49, -0.0, 0.0, -0.25, -0.0, 0.0, 1.763333, 0.0, 0.0, 0.17, 0.0, 0.0
373, 1.674038, 231.5, 0.49, -0.0, 0.0, -0.25, -0.0, 0.0, 1.763333, 0.0, 0.0, 0.17, 0.0, 0.0
374, 1.67732, 231.5, 0.49, -0.0, 0.0, -0.25, -0.0, 0.0, 1.763333, 0.0, 0.0, 0.17, 0.0, 0.0
375, 1.691127, 232.0, 0.49, -0.0, 0.0, -0.25, -0.0, 0.0, 1.763333, 0.0, 0.0, 0.17, 0.0, 0.0
376, 1.697286, 231.0, 0.49, -0.0, 0.0, -0.25, -0.0, 0.0, 1.763333, 0.0, 0.0, 0.17, 0.0, 0.0
377, 1.694528, 231.0, 0.49, -0.0, 0.0, -0.25, -0.0, 0.0, 1.763333, 0.0, 0.0, 0.17, 0.0, 0.0
378, 1.698956, 231.0, 0.49, -0.0, 0.0, -0.25, -0.0, 0.0, 1.763333, 0.0, 0.0, 0.17, 0.0, 0.0
379, 1.701995, 232.5, 0.49, -0.0, 0.0, -0.25, -0.0, 0.0, 1.763333, 0.0, 0.0, 0.17, 0.0, 0.0
380, 1.694755, 232.5, 0.49, -0.0, 0.0, -0.25, -0.0, 0.0, 1.763333, 0.0, 0.0, 0.17, 0.0, 0.0
381, 1.69013, 232.5, 0.49, -0.0, 0.0, -0.25, -0.0, 0.0, 1.763333, 0.0, 0.0, 0.17, 0.0, 0.0
382, 1.680236, 231.5, 0.49, -0.0, 0.0, -0.25, -0.0, 0.0, 1.763333, 0.0, 0.0, 0.17, 0.0, 0.0
383, 1.68026, 231.5, 0.49, -0.0, 0.0, -0.25, -0.0, 0.0, 1.763333, 0.0, 0.0, 0.17, 0.0, 0.0
384, 1.678024, 232.0, 0.49, -0.0, 0.0, -0.25, -0.0, 0.0, 1.763333, 0.0, 0.0, 0.17, 0.0, 0.0
385, 1.675256, 232.0, 0.49, -0.0, 0.0, -0.25, -0.0, 0.0, 1.763333, 0.0, 0.0, 0.17, 0.0, 0.0
386, 1.674178, 232.0, 0.49, -0.0, 0.0, -0.25, -0.0, 0.0, 1.763333, 0.0, 0.0, 0.17, 0.0, 0.0
387, 1.678331, 232.0, 0.49, -0.0, 0.0, -0.25, -0.0, 0.0, 1.763333, 0.0, 0.0, 0.17, 0.0, 0.0
388, 1.685497, 231.5, 0.49, -0.0, 0.0, -0.25, -0.0, 0.0, 1.763333, 0.0, 0.0, 0.17, 0.0, 0.0
389, 1.693951, 231.5, 0.49, -0.0, 0.0, -0.25, -0.0, 0.0, 1.763333, 0.0, 0.0, 0.17, 0.0, 0.0
390, 1.699227, 231.5, 0.49, -0.0, 0.0, -0.25, -0.0, 0.0, 1.763333, 0.0, 0.0, 0.17, 0.0, 0.0
391, 1.695835, 232.0, 0.49, -0.0, 0.0, -0.25, -0.0, 0.0, 1.763333, 0.0, 0.0, 0.17, 0.0, 0.0
392, 1.689929, 232.5, 0.49, -0.0, 0.0, -0.25, -0.0, 0.0, 1.763333, 0.0, 0.0, 0.17, 0.0, 0.0
393, 1.695823, 232.5, 0.49, -0.0, 0.0, -0.25, -0.0, 0.0, 1.763333, 0.0, 0.0, 0.17, 0.0, 0.0
394, 1.689915, 231.5, 0.49, -0.0, 0.0, -0.25, -0.0, 0.0, 1.763333, 0.0, 0.0, 0.17, 0.0, 0.0
395, 1.683634, 231.5, 0.49, -0.0, 0.0, -0.25, -0.0, 0.0, 1.763333, 0.0, 0.0, 0.17, 0.0, 0.0
396, 1.685734, 231.5, 0.49, -0.0, 0.0, -0.25, -0.0, 0.0, 1.763333, 0.0, 0.0, 0.17, 0.0, 0.0
397, 1.680267, 232.0, 0.49, -0.0, 0.0, -0.25, -0.0, 0.0, 1.763333, 0.0, 0.0, 0.17, 0.0, 0.0
398, 1.684773, 230.5, 0.49, -0.0, 0.0, -0.25, -0.0, 0.0, 1.763333, 0.0, 0.0, 0.17, 0.0, 0.0
399, 1.685725, 230.5, 0.49, -0.0, 0.0, -0.25, -0.0, 0.0, 1.763333, 0.0, 0.0, 0.17, 0.0, 0.0