idx, drive, strafe, turn, fwd, side, left, right, back, X, Y, THETA, Pxx, Pyy
0, -0.2379733, -16.72266, 0.1503718, 194.0738, -369.564, 211.317, 1022.0, 274.5, 402.6477, 2373.184, -0.006255777, 0.2604935, 0.2705109
1, -0.2379733, -16.72266, 0.1503718, 192.673, -372.9553, 211.317, 1029.0, 274.5, 401.2706, 2369.648, 0.04286747, 0.2704935, 0.246007
2, -0.2379733, -16.72266, 0.1503718, 192.673, -372.9553, 211.317, 1029.0, 272.5, 400.9553, 2369.571, 0.1145768, 0.2459937, 0.2560071
3, -0.2379733, -16.72266, 0.1503718, 191.3076, -376.5417, 211.317, 1029.0, 272.5, 399.6367, 2365.895, 0.193931, 0.2559937, 0.266007
4, -0.2379733, -16.72266, 0.1503718, 191.3076, -376.5417, 211.317, 1029.0, 272.5, 399.6666, 2365.817, 0.2674386, 0.2659936, 0.276007
5, -0.2379733, -16.72266, 0.1503718, 189.9821, -379.5031, 211.317, 1036.0, 272.5, 398.387, 2362.68, 0.3332861, 0.2759936, 0.2502241
6, -0.2379733, -16.72266, 0.1503718, 189.9821, -379.5031, 211.317, 1036.0, 271.5, 398.2901, 2362.638, 0.3727118, 0.2502139, 0.2602241
7, -0.2379733, -16.72266, 0.1503718, 188.9713, -382.1895, 211.317, 1036.0, 271.5, 397.2971, 2359.945, 0.3733125, 0.2602139, 0.2702241
8, -0.2379733, -16.72266, 0.1503718, 188.9713, -382.1895, 211.317, 1043.0, 271.5, 397.2952, 2359.341, 0.368439, 0.2702138, 0.2457864
9, -0.2379733, -16.72266, 0.1503718, 188.426, -384.3707, 211.317, 1043.0, 269.5, 396.6115, 2357.149, 0.3754092, 0.2457786, 0.2557864
10, 0, 0, -75.0, 188.426, -384.3707, 211.317, 1043.0, 269.5, 396.6114, 2357.15, 0.375166, 0.2557786, 0.2657864
11, 0, 0, -75.0, 187.9561, -385.6164, 211.317, 1043.0, 269.5, 396.1481, 2355.905, 0.3717606, 0.2657785, 0.2757864
12, 0, 0, -75.0, 187.9561, -385.6164, 211.317, 1045.0, 269.5, 396.1465, 2355.909, 0.3678597, 0.2757785, 0.2857864
13, 0, 0, -75.0, 187.7256, -386.0065, 211.317, 1045.0, 269.0, 395.9129, 2355.531, 0.3545452, 0.2857785, 0.2957864
14, 0, 0, -75.0, 187.7256, -386.0065, 211.317, 1045.0, 269.0, 395.9074, 2355.546, 0.3410379, 0.2957785, 0.3057864
15, 0, 0, -75.0, 187.7256, -386.0863, 211.317, 1047.0, 269.0, 395.9079, 2355.466, 0.3410379, 0.3057785, 0.3157864
16, 0, 0, -75.0, 187.7256, -386.0863, 211.317, 1047.0, 268.0, 395.9037, 2355.477, 0.3305667, 0.3157785, 0.3257864
17, 0, 0, -75.0, 187.8009, -386.1616, 211.317, 1047.0, 268.0, 395.9729, 2355.419, 0.3145688, 0.3257785, 0.3357863
18, 0, 0, -75.0, 187.8009, -386.1616, 211.317, 1047.0, 268.0, 395.9654, 2355.439, 0.2961562, 0.3357785, 0.3457863
19, 0, 0, -75.0, 187.8009, -386.2015, 211.317, 1045.0, 268.0, 395.9469, 2355.448, 0.2501465, 0.3457785, 0.3557863
20, 0, 0, -75.0, 187.8009, -386.2015, 211.317, 1045.0, 269.0, 395.8994, 2355.573, 0.1322244, 0.3557785, 0.3657863
21, 0, 0, -75.0, 188.1157, -386.1262, 211.317, 1045.0, 269.0, 396.1154, 2355.914, -0.1176087, 0.3657784, 0.3757863
22, 0, 0, -75.0, 188.1157, -386.1262, 211.317, 1044.0, 269.0, 395.9101, 2356.486, -0.6518023, 0.3757784, 0.3857863
23, 0, 0, -75.0, 188.661, -387.1768, 211.317, 1044.0, 269.0, 396.1125, 2356.323, -1.49248, 0.3857784, 0.3957863
24, 0, 0, -75.0, 188.661, -387.1768, 211.317, 1044.0, 266.0, 395.7367, 2357.514, -2.589646, 0.3957784, 0.4057863
25, 0, 0, -75.0, 189.5964, -389.8278, 211.317, 1044.0, 266.0, 396.0177, 2356.315, -3.978703, 0.4057784, 0.4157863
26, 0, 0, -75.0, 189.5964, -394.0349, 211.317, 1042.0, 266.0, 395.0795, 2353.97, -5.642327, 0.4157784, 0.4257863
27, 0, 0, -75.0, 190.7623, -394.0349, 211.317, 1042.0, 263.0, 395.7754, 2355.92, -7.550884, 0.4257784, 0.4357862
28, 0, 0, -75.0, 190.7623, -398.8271, 211.317, 1042.0, 263.0, 394.4574, 2353.633, -9.709476, 0.4357784, 0.4457862
29, 0, 0, -75.0, 192.5178, -398.8271, 211.317, 1042.0, 263.0, 395.8232, 2355.85, -12.03059, 0.4457784, 0.4557862
30, 0, 0, -75.0, 192.5178, -404.5547, 211.317, 1058.0, 263.0, 394.0341, 2353.101, -14.46937, 0.4557784, 0.4657862
31, 0, 0, -75.0, 194.0339, -404.5547, 834.9999, 1058.0, 267.5, 395.3544, 2355.561, -17.05382, 0.4657784, 0.4757862
32, 0, 0, -75.0, 194.0339, -410.7478, 834.9999, 1058.0, 267.5, 393.1472, 2352.884, -19.77707, 0.4757783, 0.4857862
33, 0, 0, -75.0, 195.5545, -410.7478, 834.9999, 1058.0, 267.5, 394.7214, 2355.451, -22.58179, 0.4857783, 0.4957862
34, 0, 0, -75.0, 195.5545, -416.8256, 834.9999, 1058.0, 282.0, 392.3299, 2353.322, -25.48971, 0.4957783, 0.5057862
35, 0, 0, -75.0, 197.2701, -416.8256, 609.0, 1058.0, 282.0, 394.3648, 2355.814, -28.47269, 0.5057783, 0.5157862
36, 0, 0, -75.0, 197.2701, -423.1384, 609.0, 1058.0, 282.0, 391.66, 2353.869, -31.48615, 0.5157783, 0.5257862
37, 0, 0, -68.82322, 199.2562, -423.1384, 609.0, 1058.0, 282.0, 394.1977, 2356.077, -34.56625, 0.5257783, 0.5357862
38, 0, 0, -64.97494, 199.2562, -430.4265, 609.0, 1058.0, 317.0, 390.7063, 2353.749, -37.64488, 0.5357783, 0.5457861
39, 0, 0, -61.14951, 200.8167, -430.4265, 450.0, 1058.0, 317.0, 393.1419, 2355.938, -40.70522, 0.5457783, 0.5557861
40, 0, 0, -57.34136, 200.8167, -437.0496, 450.0, 1058.0, 317.0, 389.8805, 2354.429, -43.75175, 0.5557783, 0.5657861
41, 0, 0, -57.34136, 202.2574, -437.0496, 450.0, 1058.0, 362.5, 392.4303, 2356.395, -46.76844, 0.5657783, 0.5757861
42, 0, 0, -49.8546, 202.2574, -443.5574, 317.0124, 1058.0, 362.5, 389.0771, 2355.232, -49.74115, 0.5757782, 0.5857861
43, 0, 0, -46.1981, 203.8533, -443.5574, 317.0124, 1058.0, 362.5, 391.8476, 2356.715, -52.66635, 0.5857782, 0.5957861
44, 0, 0, -42.62082, 203.8533, -449.5555, 317.0124, 1058.0, 362.5, 388.7476, 2356.069, -55.52818, 0.5957782, 0.6057861
45, 0, 0, -39.14867, 206.5443, -449.5555, 259.2216, 1058.0, 442.0, 392.0956, 2356.201, -58.3059, 0.6057782, 0.6157861
46, 0, 0, -35.79425, 206.5443, -454.6979, 259.2216, 1058.0, 442.0, 389.5716, 2356.093, -60.98943, 0.6157782, 0.6257861
47, 0, 0, -35.79425, 208.9958, -454.6979, 259.2216, 1058.0, 442.0, 392.6784, 2355.996, -63.59342, 0.6257782, 0.6357861
48, 0, 0, -29.40846, 208.9958, -459.3749, 259.2216, 1058.0, 584.0, 390.436, 2356.15, -66.09806, 0.6357782, 0.645786
49, 0, 0, -26.40563, 210.5961, -459.3749, 213.1278, 1058.0, 584.0, 393.0552, 2356.441, -68.50033, 0.6457782, 0.655786
50, 0, 0, -23.51328, 210.5961, -463.8967, 213.1278, 1058.0, 584.0, 390.8106, 2356.687, -70.81421, 0.6557782, 0.665786
51, 0, 0, -20.75054, 212.3472, -463.8967, 213.1278, 1058.0, 584.0, 393.3101, 2356.499, -73.0244, 0.6657782, 0.675786
52, 0, 0, -20.75054, 212.3472, -468.0638, 200.7461, 1058.0, 806.5, 391.24, 2356.861, -75.13139, 0.6757782, 0.685786
53, 0, 0, -15.65946, 214.3732, -468.0638, 200.7461, 1058.0, 806.5, 393.5432, 2356.083, -77.09727, 0.6857781, 0.695786
54, 0, 0, -13.43707, 214.3732, -471.065, 200.7461, 1058.0, 806.5, 392.3257, 2356.589, -78.87517, 0.6957781, 0.705786
55, 0, 0, -11.47083, 216.5587, -471.065, 200.7461, 1058.0, 806.5, 394.2176, 2355.308, -80.44817, 0.7057781, 0.715786
56, 0, 0, -9.766693, 216.5587, -473.2461, 188.2007, 1058.0, 806.5, 393.4227, 2355.755, -81.81148, 0.7157781, 0.725786
57, 0, 0, -9.766693, 217.6847, -473.2461, 188.2007, 1058.0, 806.5, 394.7019, 2355.227, -82.94932, 0.7257781, 0.735786
58, 0, 0, -7.146988, 217.6847, -474.7268, 188.2007, 1058.0, 806.5, 394.2057, 2355.564, -83.90724, 0.7357781, 0.745786
59, 0, 0, -6.133022, 219.0102, -474.7268, 188.2007, 1058.0, 806.5, 395.1512, 2354.642, -84.71842, 0.7457781, 0.7557859
60, 0, 0, -5.295, 219.0102, -475.4672, 186.5673, 1058.0, 806.5, 395.1046, 2354.908, -85.38883, 0.7557781, 0.7657859
61, 0, 0, -4.58499, 220.1407, -475.4672, 186.5673, 1058.0, 806.5, 395.7672, 2354.047, -85.95684, 0.7657781, 0.7757859
62, 0, 0, -3.975124, 220.1407, -476.0523, 186.5673, 1058.0, 1134.0, 395.6903, 2354.239, -86.44473, 0.7757781, 0.7857859
63, 0, 0, -3.975124, 221.0761, -476.0523, 184.9385, 1058.0, 1129.0, 396.1613, 2353.49, -86.85035, 0.785778, 0.7957859
64, 0, 0, -3.043995, 221.0761, -476.5577, 184.9385, 1058.0, 1129.0, 396.011, 2353.619, -87.18964, 0.795778, 0.8057859
65, 0, 0, -2.687244, 221.6213, -476.5577, 184.9385, 1058.0, 1129.0, 396.3325, 2353.201, -87.47504, 0.805778, 0.8157859
66, 0, 0, -2.393227, 221.6213, -477.1429, 184.9385, 1058.0, 1127.5, 395.9944, 2353.283, -87.71026, 0.815778, 0.8257858
67, 0, 0, -2.158422, 221.8563, -477.1429, 187.3834, 1058.0, 1127.5, 396.1998, 2353.131, -87.89809, 0.825778, 0.8357859
68, 0, 0, -2.158422, 221.8563, -477.3778, 187.3834, 1058.0, 1127.5, 396.1182, 2353.186, -88.04381, 0.835778, 0.8457859
69, 0, 0, -1.840191, 222.0115, -477.3778, 187.3834, 1058.0, 1127.5, 396.2375, 2353.079, -88.15269, 0.845778, 0.8557858
70, 0, 0, -1.750154, 222.0115, -477.533, 189.0197, 1058.0, 1129.5, 396.1582, 2353.105, -88.22471, 0.8557779, 0.8657858
71, 0, 0, -1.704798, 222.0913, -477.533, 189.0197, 1058.0, 1129.5, 396.1987, 2353.041, -88.26099, 0.865778, 0.8757858
72, 0, 0, -1.697426, 222.0913, -477.6084, 189.0197, 1058.0, 1129.5, 396.1296, 2353.042, -88.2669, 0.875778, 0.8857859
73, 0, 0, -1.697426, 222.0913, -477.6084, 189.0197, 1058.0, 1129.5, 396.1094, 2353.034, -88.24769, 0.885778, 0.8957858
74, 0, 0, -1.766653, 222.0913, -477.6882, 189.0197, 1058.0, 1129.5, 395.9916, 2353.015, -88.21151, 0.8957779, 0.9057858
75, 0, 0, -1.81447, 222.0913, -477.6882, 189.0197, 1058.0, 1129.5, 395.9513, 2352.998, -88.17326, 0.9057779, 0.9157858
76, 0, 0, -1.854515, 222.0913, -477.6882, 189.0197, 1058.0, 1129.5, 395.9177, 2352.985, -88.14122, 0.915778, 0.9257858
77, 0, 0, -1.875458, 222.0913, -477.6882, 188.2007, 1058.0, 1129.5, 395.9001, 2352.977, -88.12447, 0.9257779, 0.9357858
78, 0, 0, -1.867437, 222.0913, -477.6882, 188.2007, 1058.0, 1129.5, 395.9068, 2352.98, -88.13088, 0.9357779, 0.9457857
79, 0, 0, -1.867437, 222.0913, -477.6882, 188.2007, 1058.0, 1129.5, 395.9196, 2352.985, -88.14306, 0.9457779, 0.9557858
80, 0, 0, -1.833811, 222.0913, -477.6882, 188.2007, 1058.0, 1128.5, 395.9351, 2352.992, -88.15779, 0.9557779, 0.9657858
81, 0, 0, -1.808367, 222.0913, -477.6882, 188.2007, 1058.0, 1128.5, 395.9565, 2353.0, -88.17814, 0.9657779, 0.9757857
82, 0, 0, -1.789045, 222.0913, -477.728, 188.2007, 1058.0, 1128.5, 395.9329, 2353.006, -88.1936, 0.9757778, 0.9857857
83, 0, 0, -1.778126, 222.0913, -477.728, 188.2007, 1058.0, 1128.5, 395.9421, 2353.01, -88.20233, 0.9857779, 0.9957857
84, 0, 0, -1.778126, 222.0913, -477.8034, 188.2007, 1058.0, 1128.0, 395.8752, 2353.011, -88.21036, 0.9957779, 1.005786
85, 0, 0, -1.754351, 222.0913, -477.8034, 188.2007, 1058.0, 1128.0, 395.8867, 2353.016, -88.22135, 1.005778, 1.015786
86, 0, 0, -1.738491, 222.0913, -477.8832, 188.2007, 1058.0, 1128.0, 395.8203, 2353.019, -88.23404, 1.015778, 1.025786
87, 0, 0, -1.718082, 222.1267, -477.8832, 188.2007, 1058.0, 1129.0, 395.8386, 2352.991, -88.25037, 1.025778, 1.035786
88, 0, 0, -1.689348, 222.1267, -477.963, 188.2007, 1058.0, 1129.0, 395.783, 2352.998, -88.27335, 1.035778, 1.045786
89, 0, 0, -1.689348, 222.1267, -477.963, 188.2007, 1058.0, 1129.0, 395.8171, 2353.012, -88.30573, 1.045778, 1.055786
90, 0, 0, -1.59977, 222.1267, -478.1182, 188.2007, 1058.0, 1129.0, 395.7034, 2353.025, -88.34502, 1.055778, 1.065786
91, 0, 0, -1.561346, 222.1267, -478.1182, 189.0197, 1058.0, 1129.0, 395.7357, 2353.038, -88.37576, 1.065778, 1.075786
92, 0, 0, -1.516171, 222.1267, -478.2733, 189.0197, 1058.0, 1129.0, 395.6187, 2353.049, -88.41189, 1.075778, 1.085786
93, 0, 0, -1.46616, 222.1267, -478.2733, 189.0197, 1058.0, 1129.0, 395.6609, 2353.066, -88.45191, 1.085778, 1.095786
94, 0, 0, -1.400671, 222.1267, -478.4684, 189.0197, 1058.0, 1129.0, 395.5211, 2353.083, -88.5043, 1.095778, 1.105786
95, 0, 0, -1.400671, 222.1267, -478.4684, 188.2007, 1058.0, 1128.0, 395.5805, 2353.108, -88.56061, 1.105778, 1.115786
96, 0, 0, -1.268806, 222.1267, -478.6235, 188.2007, 1058.0, 1128.0, 395.4772, 2353.125, -88.60979, 1.115778, 1.125786
97, 0, 0, -1.199894, 222.1666, -478.6235, 188.2007, 1058.0, 1128.0, 395.5363, 2353.109, -88.66492, 1.125778, 1.135786
98, 0, 0, -1.121178, 222.1666, -478.7787, 188.2007, 1058.0, 1128.5, 395.4477, 2353.132, -88.72789, 1.135778, 1.145786
99, 0, 0, -1.121178, 222.2464, -478.7787, 189.0197, 1058.0, 1128.5, 395.5135, 2353.078, -88.78867, 1.145778, 1.155786
100, 0, 0, -0.9751034, 222.2464, -478.9339, 189.0197, 1058.0, 1128.5, 395.4176, 2353.099, -88.84475, 1.155778, 1.165786
101, 0, 0, -0.9025955, 222.3218, -478.9339, 189.0197, 1058.0, 1128.5, 395.4803, 2353.048, -88.90276, 1.165778, 1.175786
102, 0, 0, -0.822916, 222.3218, -479.0891, 189.8404, 1058.0, 1128.0, 395.3926, 2353.072, -88.9665, 1.175778, 1.185786
103, 0, 0, -0.756874, 222.4016, -479.0891, 189.8404, 1058.0, 1128.0, 395.4498, 2353.014, -89.01934, 1.185778, 1.195786
104, 0, 0, -0.756874, 222.4016, -479.2487, 189.8404, 1058.0, 1128.0, 395.3505, 2353.035, -89.07628, 1.195778, 1.205786
105, 0, 0, -0.6290913, 222.4016, -479.2487, 189.8404, 1058.0, 1128.0, 395.3984, 2353.054, -89.12156, 1.205778, 1.215786
106, 0, 0, -0.5782318, 222.4016, -479.4038, 189.0197, 1058.0, 1128.0, 395.2864, 2353.069, -89.16224, 1.215778, 1.225785
107, 0, 0, -0.5782318, 222.4814, -479.4038, 189.0197, 1058.0, 1128.0, 395.3325, 2353.007, -89.20476, 1.225778, 1.235785
108, -1, 1, -1.157676, 222.4814, -479.4791, 189.0197, 1058.0, 1131.0, 395.2969, 2353.021, -89.24225, 1.235778, 1.245785
109, -2, 2, -1.088661, 222.5567, -479.4791, 189.8404, 1058.0, 1131.0, 394.0003, 2352.965, -89.28742, 0.7676297, 1.255785
110, -3, 3, -1.025951, 222.5567, -479.5589, 189.8404, 1058.0, 1131.0, 393.964, 2352.981, -89.32847, 0.7776297, 1.265785
111, -4, 4, -0.9946781, 222.5567, -479.5589, 189.8404, 1058.0, 1131.0, 393.9857, 2352.989, -89.34894, 0.7876297, 1.275785
112, -5, 5, -0.9884538, 222.5567, -479.5989, 189.8404, 1058.0, 1129.0, 393.3486, 2349.864, -89.35302, 0.5702182, 0.7826351
113, -6, 6, -1.014458, 222.5567, -479.5989, 189.8404, 1058.0, 1129.0, 393.3306, 2349.857, -89.33599, 0.5802182, 0.7926351
114, -7, 7, -1.064626, 222.5567, -479.5989, 189.8404, 1058.0, 1129.0, 393.2958, 2349.843, -89.30316, 0.5902182, 0.8026351
115, -8, 8, -1.099396, 222.5567, -479.5989, 189.8404, 1058.0, 1129.0, 393.2717, 2348.437, -89.2804, 0.6002182, 0.5778461
116, -9, 9, -1.112182, 222.5567, -479.5989, 189.8404, 1058.0, 1129.0, 392.9303, 2348.433, -89.27203, 0.4675611, 0.5878461
117, -10, 10, -1.111052, 222.5567, -479.5989, 189.8404, 1058.0, 1129.0, 392.9311, 2348.434, -89.27277, 0.477561, 0.5978461
118, -11, 11, -1.107671, 222.5567, -479.5989, 189.8404, 1058.0, 1129.0, 392.9334, 2348.435, -89.27498, 0.487561, 0.6078461
119, -12, 11.1591, -1.099419, 222.5567, -479.5989, 189.8404, 1058.0, 1130.0, 392.7202, 2347.39, -89.28039, 0.3984375, 0.4720263
120, -13, 11.21606, -1.108406, 222.5567, -479.5989, 189.8404, 1058.0, 1130.0, 392.714, 2347.387, -89.2745, 0.4084375, 0.4820262
121, -14, 11.28382, -1.119083, 222.5567, -479.5989, 189.8404, 1058.0, 1130.0, 392.7066, 2347.384, -89.26751, 0.4184375, 0.4920262
122, -15, 11.21501, -1.107229, 222.5567, -479.5989, 189.8404, 1058.0, 1130.5, 392.7148, 2346.608, -89.27527, 0.4284375, 0.4012958
123, -16, 11.12865, -1.077331, 222.5567, -479.5989, 189.8404, 1058.0, 1130.5, 392.5746, 2346.616, -89.29484, 0.3596053, 0.4112957
124, -17, 10.78935, -1.023865, 222.5567, -479.5989, 189.8404, 1058.0, 1130.5, 392.6117, 2346.63, -89.32983, 0.3696053, 0.4212957
125, -18, 10.35795, -0.9558985, 222.5567, -479.5989, 189.8404, 1058.0, 1130.5, 392.6589, 2346.648, -89.37432, 0.3796053, 0.4312957
126, -19, 10.05152, -0.8927812, 222.5567, -479.5989, 189.8404, 1058.0, 1130.5, 392.5621, 2346.093, -89.41564, 0.3260833, 0.3615258
127, -20, 9.476484, -0.8022372, 222.5567, -479.5989, 189.8404, 1058.0, 1130.5, 392.625, 2346.118, -89.4749, 0.3360833, 0.3715258
128, -21, 8.781913, -0.6928688, 222.5567, -479.5989, 189.8404, 1058.0, 1130.5, 392.701, 2346.147, -89.54649, 0.3460833, 0.3815258
129, -22, 7.976874, -0.5661096, 222.5567, -479.5989, 189.8404, 1058.0, 1130.5, 392.7892, 2346.181, -89.62946, 0.3560833, 0.3915258
130, -23, 6.851975, -0.4051749, 222.5567, -479.3639, 190.6631, 1058.0, 1130.0, 393.0629, 2345.852, -89.73479, 0.3094425, 0.3343922
131, -24, 5.591261, -0.2068361, 221.7011, -479.3639, 190.6631, 1058.0, 1130.0, 393.2, 2346.76, -89.86462, 0.3194425, 0.3443922
132, -25, 3.443358, 0.025177, 221.7011, -478.3133, 190.6631, 1058.0, 1130.0, 394.4124, 2346.819, -90.01648, 0.3294425, 0.3543922
133, -26, 1.739851, 0.2932888, 220.6106, -478.3133, 190.6631, 1058.0, 1128.5, 394.6049, 2347.597, -90.19197, 0.3394424, 0.3082333
134, -27, -0.9558035, 0.6047843, 220.6106, -476.9079, 192.3151, 1058.0, 1128.5, 395.9435, 2347.665, -90.39586, 0.2974684, 0.3182333
135, -28, -3.061752, 0.9365961, 218.8551, -476.9079, 192.3151, 1058.0, 1128.5, 396.1979, 2349.505, -90.61305, 0.3074684, 0.3282333
136, -29, -5.886804, 1.216923, 218.8551, -475.2721, 192.3151, 1058.0, 1128.5, 398.0299, 2349.55, -90.79654, 0.3174684, 0.3382333
137, -30, -7.263523, 1.441675, 216.5587, -475.2721, 195.6504, 1058.0, 1125.5, 398.147, 2351.397, -90.94364, 0.2813945, 0.2965917
138, -31, -9.695099, 1.616515, 216.5587, -473.2063, 195.6504, 1058.0, 1125.5, 400.3352, 2351.401, -91.05808, 0.2913944, 0.3065917
139, -32, -10.36382, 1.72227, 213.4378, -473.2063, 195.6504, 1058.0, 1125.5, 400.4727, 2354.547, -91.12731, 0.3013944, 0.3165917
140, -33, -12.32272, 1.802067, 213.4378, -470.9454, 195.6504, 1058.0, 1121.5, 402.7892, 2354.236, -91.17953, 0.3113944, 0.2807469
141, -33, -12.72796, 1.86881, 209.5455, -470.9454, 200.7461, 1058.0, 1121.5, 402.8965, 2358.144, -91.22322, 0.2768977, 0.2907469
142, -33, -14.28349, 1.909244, 209.5455, -468.9194, 200.7461, 1058.0, 1121.5, 404.9504, 2358.109, -91.24969, 0.2868977, 0.3007469
143, -33, -14.55772, 1.952919, 204.5582, -468.9194, 200.7461, 1058.0, 1121.5, 405.0936, 2363.106, -91.27828, 0.2968977, 0.3107469
144, -33, -15.72186, 2.004276, 204.5582, -467.4387, 203.3405, 1058.0, 1111.5, 406.441, 2363.003, -91.31189, 0.2660696, 0.2764169
145, -33, -15.75355, 2.009346, 198.3607, -467.4387, 203.3405, 1058.0, 1111.5, 406.587, 2369.201, -91.31521, 0.2760696, 0.2864169
146, -33, -16.29393, 1.96721, 198.3607, -466.1931, 203.3405, 1058.0, 1111.5, 407.8028, 2369.163, -91.28763, 0.2860696, 0.2964169
147, -33, -16.01161, 1.919338, 191.1125, -466.1931, 203.3405, 1058.0, 1105.5, 407.9261, 2375.348, -91.25629, 0.2960696, 0.2657082
148, -33, -15.79499, 1.85403, 191.1125, -465.6079, 204.2125, 1058.0, 1105.5, 408.1663, 2375.32, -91.21355, 0.2654469, 0.2757082
149, -33, -15.27861, 1.770223, 183.6338, -465.6079, 204.2125, 1058.0, 1105.5, 408.2551, 2382.776, -91.1587, 0.2754469, 0.2857081
150, -33, -14.49111, 1.64069, 183.6338, -465.6079, 204.2125, 1058.0, 1105.5, 408.1643, 2382.744, -91.0739, 0.2854469, 0.2957081
151, -33, -13.37569, 1.471934, 175.7251, -465.6079, 205.088, 1058.0, 1087.0, 408.0319, 2390.13, -90.96345, 0.25742, 0.2651751
152, -33, -12.27806, 1.28602, 175.7251, -465.5724, 205.088, 1058.0, 1087.0, 407.9372, 2390.083, -90.84176, 0.26742, 0.275175
153, -33, -10.94063, 1.065267, 167.1514, -465.5724, 205.088, 1058.0, 1087.0, 407.8763, 2398.6, -90.69727, 0.2774199, 0.285175
154, -33, -9.132048, 0.8074008, 167.1514, -465.998, 205.088, 1058.0, 1079.5, 407.2704, 2398.018, -90.52848, 0.2874199, 0.2572135
155, -33, -7.613561, 0.5550947, 158.2674, -465.998, 205.088, 1058.0, 1079.5, 407.1314, 2406.836, -90.36334, 0.2589165, 0.2672135
156, -33, -4.618748, 0.2602673, 158.2674, -467.9486, 205.088, 1058.0, 1079.5, 404.9753, 2406.761, -90.17035, 0.2689165, 0.2772135
157, -33, -2.693172, -0.06402651, 149.5031, -467.9486, 205.088, 1058.0, 1079.5, 404.7268, 2415.44, -89.9581, 0.2789165, 0.2872135
158, -33, 0.5335316, -0.3605206, 149.5031, -470.5951, 202.4721, 1058.0, 1070.5, 402.2021, 2413.813, -89.76402, 0.2524482, 0.25876
159, -33, 2.091528, -0.6250657, 139.8389, -470.5951, 202.4721, 1058.0, 1070.5, 401.9348, 2423.405, -89.59086, 0.2624482, 0.26876
160, -33, 5.732256, -0.8948676, 139.8389, -473.8314, 202.4721, 1058.0, 1070.5, 398.5116, 2423.295, -89.41427, 0.2724482, 0.27876
161, -33, 7.3662, -1.173889, 129.9042, -473.8314, 202.4721, 1058.0, 1050.0, 398.1692, 2431.997, -89.23163, 0.2824482, 0.2523288
162, -33, 10.67092, -1.410029, 129.9042, -477.8832, 199.8884, 1058.0, 1050.0, 394.9666, 2431.862, -89.07707, 0.2551405, 0.2623287
163, -33, 11.61258, -1.573621, 120.1602, -477.8832, 199.8884, 1058.0, 1050.0, 394.6692, 2441.559, -88.96999, 0.2651405, 0.2723287
164, -33, 15.19083, -1.741444, 120.1602, -481.975, 199.8884, 1058.0, 1050.0, 390.4623, 2441.427, -88.86015, 0.2751405, 0.2823287
165, -33, 15.94533, -1.942662, 109.2147, -481.975, 193.1448, 1058.0, 1031.0, 390.7014, 2451.126, -88.72844, 0.2495605, 0.2550496
166, -33, 19.39873, -2.13522, 109.2147, -485.6767, 193.1448, 1058.0, 1031.0, 386.8681, 2450.977, -88.6024, 0.2595606, 0.2650496
167, -33, 20.27843, -2.291865, 98.69492, -485.6767, 193.1448, 1058.0, 1031.0, 386.4753, 2461.449, -88.49987, 0.2695606, 0.2750495
168, -33, 23.32906, -2.40536, 98.69492, -489.4537, 193.1448, 1058.0, 1012.0, 382.6215, 2461.397, -88.42559, 0.2795605, 0.2494909
169, -33, 23.47297, -2.49982, 89.07058, -489.4537, 184.9385, 1058.0, 1012.0, 382.866, 2470.99, -88.36375, 0.2529398, 0.2594909
170, -33, 25.80926, -2.542248, 89.07058, -492.7298, 184.9385, 1058.0, 1012.0, 379.5621, 2470.882, -88.33598, 0.2629398, 0.2694909
171, -33, 25.56292, -2.497209, 77.92567, -492.7298, 184.9385, 1058.0, 1012.0, 379.2781, 2482.035, -88.36547, 0.2729398, 0.2794909
172, -33, 26.26757, -2.380486, 77.92567, -495.106, 177.6166, 1058.0, 996.9999, 377.3097, 2481.372, -88.44187, 0.2478732, 0.2528867
173, -33, 25.30908, -2.20279, 66.47045, -495.106, 177.6166, 1058.0, 996.9999, 377.1557, 2492.874, -88.55818, 0.2578732, 0.2628867
174, -33, 25.6001, -2.025443, 66.47045, -497.0122, 177.6166, 1058.0, 996.9999, 375.3725, 2492.881, -88.67426, 0.2678732, 0.2728867
175, -33, 24.93468, -1.900024, 56.38063, -497.0122, 177.6166, 1058.0, 996.9999, 375.2474, 2503.003, -88.75635, 0.2778732, 0.2828866
176, -33, 23.97929, -1.647555, 56.38063, -497.4422, 171.8552, 1058.0, 963.0, 374.8491, 2504.079, -88.9216, 0.2516513, 0.2554742
177, -33, 22.03684, -1.275693, 46.67649, -497.4422, 171.8552, 1058.0, 963.0, 374.9862, 2513.883, -89.165, 0.2616513, 0.2654742
178, -33, 20.136, -0.8847385, 46.67649, -497.5974, 171.8552, 1058.0, 963.0, 375.1027, 2513.987, -89.4209, 0.2716513, 0.2754742
179, -33, 17.86537, -0.4437563, 38.02744, -497.5974, 171.8552, 1058.0, 951.4999, 375.3876, 2522.721, -89.70954, 0.2816513, 0.2498161
180, -33, 14.85244, 0.1202318, 38.02744, -496.662, 169.3496, 1058.0, 951.4999, 376.0337, 2522.863, -90.0787, 0.2545338, 0.2598161
181, -33, 11.30082, 0.8186255, 29.72861, -496.662, 169.3496, 1058.0, 951.4999, 376.6335, 2531.338, -90.53583, 0.2645338, 0.2698161
182, -33, 6.327549, 1.5891, 29.72861, -494.9109, 169.3496, 1058.0, 951.4999, 378.9254, 2531.489, -91.04014, 0.2745337, 0.2798161
183, -33, 3.026603, 2.368083, 22.05485, -494.9109, 170.1877, 1058.0, 930.9999, 378.7785, 2539.809, -91.55002, 0.2490957, 0.2531348
184, -33, -2.016509, 3.122543, 15.00173, -492.885, 170.1877, 1058.0, 930.9999, 381.618, 2546.952, -92.04385, 0.2590957, 0.2631348
185, -33, -5.376696, 3.81125, 15.00173, -492.885, 170.1877, 1058.0, 930.9999, 382.1059, 2547.11, -92.49464, 0.2690957, 0.2731348
186, -33, -10.86486, 4.446235, 15.00173, -489.1434, 170.1877, 1058.0, 923.5, 386.2929, 2547.477, -92.91026, 0.2790956, 0.2480228
187, -33, -13.06887, 5.034281, 7.868817, -489.1434, 176.7993, 1058.0, 923.5, 386.0912, 2554.726, -93.29516, 0.252585, 0.2580228
188, -33, -18.89088, 5.574782, 1.870784, -484.1561, 176.7993, 1058.0, 923.5, 391.8528, 2560.495, -93.64895, 0.262585, 0.2680228
189, -33, -21.42793, 6.106449, 1.870784, -484.1561, 176.7993, 1058.0, 923.5, 392.2325, 2560.607, -93.99695, 0.272585, 0.2780228
190, -33, -26.16255, 6.553481, -5.10254, -478.9738, 186.5673, 1058.0, 911.5, 397.0586, 2566.653, -94.28955, 0.2476008, 0.2517657
191, -33, -27.8084, 6.9021, -5.10254, -478.9738, 186.5673, 1058.0, 911.5, 397.3082, 2566.725, -94.51774, 0.2576008, 0.2617657
192, -33, -32.26475, 7.186449, -12.97579, -474.1416, 186.5673, 1058.0, 911.5, 402.9854, 2574.225, -94.70386, 0.2676008, 0.2717657
193, -33, -33.04746, 7.349761, -12.97579, -474.1416, 186.5673, 1058.0, 903.0, 403.1024, 2573.856, -94.81075, 0.2776008, 0.2469716
194, -33, -35.89558, 7.327032, -21.31452, -468.3742, 198.1833, 1058.0, 903.0, 408.3546, 2581.679, -94.79588, 0.2514432, 0.2569716
195, -33, -35.30727, 7.199189, -21.31452, -468.3742, 198.1833, 1058.0, 903.0, 408.2631, 2581.653, -94.7122, 0.2614432, 0.2669716
196, -33, -37.2969, 7.088632, -30.11873, -464.4818, 198.1833, 1058.0, 903.0, 412.7704, 2590.094, -94.63984, 0.2714432, 0.2769716
197, -33, -36.57876, 6.901342, -30.11873, -464.4818, 212.2207, 1058.0, 884.9999, 412.8318, 2589.923, -94.51724, 0.2467238, 0.250962
198, -33, -38.32595, 6.647871, -39.19779, -459.9601, 212.2207, 1058.0, 884.9999, 417.8357, 2598.587, -94.35134, 0.2567238, 0.260962
199, -33, -37.04091, 6.360783, -39.19779, -459.9601, 212.2207, 1058.0, 884.9999, 417.6308, 2598.526, -94.16343, 0.2667238, 0.270962
200, -33, -38.21082, 6.071061, -48.66697, -456.2185, 212.2207, 1058.0, 879.5, 421.7978, 2606.037, -93.97379, 0.2767238, 0.246354
201, -33, -38.27375, 5.81006, -48.66697, -456.2185, 234.7461, 1058.0, 879.5, 423.5095, 2605.98, -93.80295, 0.2507725, 0.256354
202, -33, -38.91572, 5.651024, -57.8613, -454.1172, 234.7461, 1058.0, 879.5, 426.0781, 2614.988, -93.69885, 0.2607725, 0.266354
203, -33, -38.50106, 5.555842, -57.8613, -454.1172, 234.7461, 1058.0, 879.5, 426.0103, 2614.967, -93.63655, 0.2707725, 0.276354
204, -33, -39.10482, 5.445588, -66.20003, -453.9576, 236.6783, 1058.0, 857.0, 428.0907, 2622.472, -93.56439, 0.2462082, 0.2504896
205, -33, -38.66895, 5.344262, -66.20003, -453.9576, 236.6783, 1058.0, 857.0, 428.0186, 2622.45, -93.49807, 0.2562082, 0.2604896
206, -33, -38.25495, 5.301332, -74.65402, -454.3122, 236.6783, 1058.0, 857.0, 428.1436, 2630.9, -93.46996, 0.2662082, 0.2704896
207, -33, -38.1795, 5.278044, -74.65402, -454.3122, 236.6783, 1058.0, 848.0, 428.1271, 2630.293, -93.45472, 0.2762082, 0.2459907
208, -33, -36.4584, 5.256631, -83.45823, -457.544, 228.9898, 1058.0, 848.0, 426.1113, 2639.271, -93.4407, 0.2503781, 0.2559906
209, -33, -36.42019, 5.247493, -83.45823, -457.544, 228.9898, 1058.0, 848.0, 426.1048, 2639.269, -93.43472, 0.2603781, 0.2659906
210, -33, -33.40908, 5.263975, -91.99202, -462.3362, 228.9898, 1058.0, 848.0, 421.8467, 2648.079, -93.44551, 0.2703781, 0.2759906
211, -33, -32.81849, 5.270176, -91.99202, -462.3362, 212.2207, 1058.0, 823.0, 420.9129, 2648.446, -93.44957, 0.2459049, 0.2502116
212, -33, -27.52226, 5.255384, -99.86083, -470.4799, 212.2207, 1058.0, 823.0, 413.2449, 2656.785, -93.43989, 0.2559049, 0.2602116
213, -33, -27.19589, 5.174958, -99.86083, -470.4799, 212.2207, 1058.0, 823.0, 413.1877, 2656.767, -93.38725, 0.2659049, 0.2702116
214, -33, -20.85398, 5.030656, -108.4345, -479.4791, 212.2207, 1058.0, 815.5, 404.5857, 2664.907, -93.2928, 0.2759049, 0.2457768
215, -33, -20.49502, 4.852925, -108.4345, -479.4791, 206.85, 1058.0, 815.5, 405.0086, 2664.867, -93.17646, 0.2501459, 0.2557768
216, -33, -14.39682, 4.669973, -116.6181, -487.8179, 206.85, 1058.0, 815.5, 396.9793, 2673.434, -93.05671, 0.2601459, 0.2657768
217, -33, -13.50499, 4.443846, -116.6181, -487.8179, 206.85, 1058.0, 815.5, 396.819, 2673.382, -92.9087, 0.2701459, 0.2757768
218, -33, -8.203784, 4.20119, -126.4375, -496.3516, 200.7461, 1058.0, 799.0, 390.3206, 2682.466, -92.74987, 0.2457263, 0.2500478
219, -33, -7.400428, 3.99418, -126.4375, -496.3516, 200.7461, 1058.0, 799.0, 390.174, 2682.418, -92.61437, 0.2557262, 0.2600478
220, -33, -0.7274895, 3.792974, -136.3322, -505.5061, 200.7461, 1058.0, 799.0, 381.3027, 2692.643, -92.48267, 0.2657262, 0.2700478
221, -33, 0.2638006, 3.532741, -136.3322, -505.5061, 200.7461, 1058.0, 799.0, 381.1188, 2692.582, -92.31235, 0.2757262, 0.2800478
222, -33, 7.943948, 3.195055, -145.8014, -517.7814, 185.7525, 1058.0, 771.0, 371.2915, 2702.467, -92.09131, 0.2500092, 0.2533116
223, -33, 9.342106, 2.821165, -145.8014, -517.7814, 185.7525, 1058.0, 771.0, 371.0281, 2702.376, -91.84658, 0.2600091, 0.2633116
224, -33, 17.60663, 2.383178, -155.3061, -528.0663, 185.7525, 1058.0, 771.0, 360.6734, 2712.025, -91.5599, 0.2700091, 0.2733116
225, -33, 19.65143, 1.825566, -155.3061, -528.0663, 185.7525, 1058.0, 763.0, 360.2823, 2711.775, -91.19492, 0.2800091, 0.2481585
226, -33, 25.99062, 1.269317, -166.0209, -536.8351, 165.9659, 1058.0, 763.0, 353.3636, 2722.447, -90.83083, 0.2532821, 0.2581585
227, -33, 27.69213, 0.7955117, -166.0209, -536.8351, 165.9659, 1058.0, 763.0, 353.0326, 2722.324, -90.5207, 0.2632821, 0.2681585
228, -33, 34.91067, 0.3528394, -177.1659, -545.5639, 165.9659, 1058.0, 763.0, 344.0119, 2733.367, -90.23095, 0.2732821, 0.2781585
229, -33, 36.72316, -0.03359264, -177.1659, -545.5639, 136.0102, 1058.0, 731.0, 343.0316, 2734.49, -89.97802, 0.2481358, 0.2518693
230, -33, 44.24928, -0.2994082, -187.9561, -555.8089, 136.0102, 1058.0, 731.0, 332.5486, 2745.159, -89.80403, 0.2581358, 0.2618693
231, -33, 45.24892, -0.5918577, -187.9561, -555.8089, 136.0102, 1058.0, 731.0, 332.3455, 2745.081, -89.61261, 0.2681358, 0.2718693
232, -33, 51.43531, -0.924404, -197.3854, -563.6423, 136.0102, 1058.0, 723.5, 324.1646, 2753.849, -89.39494, 0.2781358, 0.2470512
233, -33, 52.25099, -1.035766, -197.3854, -563.6423, 116.62, 1058.0, 723.5, 323.3989, 2753.819, -89.32204, 0.251852, 0.2570512
234, -33, 55.07189, -0.9446737, -205.9591, -568.5098, 116.62, 1058.0, 723.5, 318.5067, 2762.367, -89.38167, 0.261852, 0.2670512
235, -33, 54.54643, -0.784893, -205.9591, -568.5098, 116.62, 1058.0, 723.5, 318.6177, 2762.41, -89.48626, 0.271852, 0.2770512
236, -33, 56.22357, -0.5999703, -213.8678, -571.0456, 105.7784, 1058.0, 694.5, 315.1289, 2771.501, -89.6073, 0.2470379, 0.251023
237, -33, 55.43054, -0.3540166, -213.8678, -571.0456, 105.7784, 1058.0, 694.5, 315.3001, 2771.566, -89.76829, 0.2570379, 0.2610229
238, -33, 54.92312, 0.04813936, -221.116, -572.2913, 105.7784, 1058.0, 694.5, 314.3556, 2778.923, -90.03151, 0.2670379, 0.2710229
239, -33, 53.32997, 0.5511549, -221.116, -572.2913, 105.7784, 1058.0, 686.5, 314.7073, 2780.092, -90.36076, 0.2770379, 0.2464008
240, -33, 52.31763, 1.105119, -228.7897, -572.2913, 103.7992, 1058.0, 686.5, 314.0347, 2787.905, -90.72335, 0.2510128, 0.2564008
241, -33, 52.18771, 1.708982, -228.7897, -575.0177, 103.7992, 1058.0, 686.5, 311.7334, 2788.116, -91.11861, 0.2610128, 0.2664008
242, -33, 50.10019, 2.373375, -234.637, -575.0177, 103.7992, 1058.0, 686.5, 312.3823, 2794.121, -91.55349, 0.2710128, 0.2764008
243, -33, 48.29513, 2.97767, -234.637, -575.0576, 103.7992, 1058.0, 668.5, 312.7692, 2795.672, -91.94902, 0.2810128, 0.2505254
244, -33, 47.27264, 3.533953, -238.0639, -575.0576, 102.8089, 1058.0, 668.5, 312.2319, 2799.225, -92.31314, 0.2540473, 0.2605254
245, -33, 43.29486, 4.156024, -238.0639, -571.8214, 102.8089, 1058.0, 668.5, 315.9052, 2799.201, -92.72031, 0.2640473, 0.2705254
246, -33, 41.56368, 4.737741, -240.5597, -571.8214, 102.8089, 1058.0, 660.5, 316.462, 2803.259, -93.10107, 0.2740473, 0.2460182
247, -33, 38.54556, 5.32271, -240.5597, -567.6144, 100.8268, 1058.0, 660.5, 318.8074, 2803.117, -93.48395, 0.2487227, 0.2560182
248, -33, 36.57761, 5.970248, -243.2861, -567.6144, 100.8268, 1058.0, 660.5, 319.4655, 2805.973, -93.9078, 0.2587227, 0.2660182
249, -33, 31.62078, 6.626529, -243.2861, -562.9773, 100.8268, 1058.0, 660.5, 324.5575, 2805.741, -94.33737, 0.2687227, 0.2760182
250, -33, 29.66284, 7.29499, -246.0524, -562.9773, 100.8268, 1058.0, 656.0, 325.2777, 2809.803, -94.7749, 0.2787227, 0.2502326
251, -33, 25.85606, 7.94374, -246.0524, -557.6398, 109.7302, 1058.0, 656.0, 328.6194, 2809.427, -95.19954, 0.2523003, 0.2602326
252, -33, 24.25244, 8.478728, -248.7389, -557.6398, 109.7302, 1058.0, 656.0, 329.2723, 2812.203, -95.54972, 0.2623003, 0.2702326
253, -33, 18.73858, 8.855591, -248.7389, -550.6665, 109.7302, 1058.0, 651.5, 336.4799, 2812.9, -95.79638, 0.2723003, 0.245793
254, -33, 18.79396, 9.117968, -251.8199, -550.6665, 124.4401, 1058.0, 651.5, 335.6885, 2816.013, -95.96812, 0.2473822, 0.255793
255, -33, 12.71028, 9.296351, -251.8199, -542.0174, 124.4401, 1058.0, 651.5, 344.4165, 2815.121, -96.08489, 0.2573822, 0.265793
256, -33, 12.71027, 9.296351, -254.3113, -542.0174, 124.4401, 1058.0, 651.5, 344.6806, 2817.598, -96.08489, 0.2673822, 0.275793
257, -33, 6.596733, 9.417877, -254.3113, -533.0137, 124.4401, 1058.0, 654.0, 353.7192, 2817.067, -96.16443, 0.2773822, 0.2500603
258, -33, 7.325913, 9.531687, -256.9623, -533.0137, 138.8621, 1058.0, 654.0, 352.4291, 2819.723, -96.23893, 0.251276, 0.2600603
259, -33, 0.6383271, 9.644552, -256.9623, -523.1189, 138.8621, 1058.0, 654.0, 362.3446, 2818.65, -96.3128, 0.261276, 0.2700603
260, -33, 0.6404065, 9.641707, -261.0541, -523.1189, 138.8621, 1058.0, 652.0, 362.7923, 2822.628, -96.31094, 0.271276, 0.2456604
261, -33, -3.718624, 9.457799, -261.0541, -513.6143, 154.5834, 1058.0, 652.0, 370.1956, 2821.579, -96.19056, 0.2465953, 0.2556604
262, -33, -2.717585, 9.111196, -266.2719, -513.6143, 154.5834, 1058.0, 652.0, 370.4778, 2826.703, -95.9637, 0.2565953, 0.2656604
263, -33, -7.637897, 8.627692, -266.2719, -503.8304, 154.5834, 1058.0, 652.0, 379.8693, 2825.673, -95.64722, 0.2665953, 0.2756604
264, -33, -5.851963, 7.999946, -270.4834, -503.8304, 154.5834, 1058.0, 644.5, 379.7884, 2829.712, -95.23633, 0.2765953, 0.2499587
265, -33, -8.207647, 7.181262, -270.4834, -494.3257, 168.5085, 1058.0, 644.5, 386.4017, 2828.807, -94.70046, 0.2506743, 0.2599587
266, -33, -5.755592, 6.31367, -275.8608, -494.3257, 168.5085, 1058.0, 644.5, 386.1441, 2833.986, -94.13259, 0.2606743, 0.2699587
267, -33, -9.095577, 5.555946, -275.8608, -485.8717, 168.5085, 1058.0, 641.5, 394.0444, 2833.218, -93.63662, 0.2706743, 0.2455822
268, -33, -6.336945, 4.885446, -284.2749, -485.8717, 180.8747, 1058.0, 641.5, 392.6359, 2841.469, -93.19775, 0.2461327, 0.2555822
269, -33, -8.735458, 4.181282, -284.2749, -479.1688, 180.8747, 1058.0, 641.5, 398.8341, 2841.012, -92.73685, 0.2561327, 0.2655822
270, -33, -6.694745, 3.437045, -291.758, -479.1688, 180.8747, 1058.0, 641.5, 398.5709, 2848.314, -92.24971, 0.2661327, 0.2755822
271, -33, -8.172796, 2.676409, -291.758, -473.7161, 180.8747, 1058.0, 625.0, 403.4866, 2848.112, -91.75183, 0.2761327, 0.2498989
272, -33, -5.416112, 1.96552, -299.8972, -473.7161, 190.6631, 1058.0, 625.0, 401.8266, 2856.072, -91.28653, 0.2503202, 0.2598989
273, -33, -6.202855, 1.314776, -299.8972, -469.8548, 190.6631, 1058.0, 625.0, 405.2322, 2855.862, -90.86059, 0.2603202, 0.2698989
274, -33, -4.520702, 0.6770399, -308.3158, -469.8548, 190.6631, 1058.0, 625.0, 404.8215, 2864.115, -90.44315, 0.2703202, 0.2798989
275, -33, -3.591946, 0.02953635, -308.3158, -467.7535, 196.4915, 1058.0, 611.5, 405.4912, 2863.767, -90.01933, 0.2458604, 0.2531979
276, -33, -1.974457, -0.5972078, -316.8495, -467.7535, 196.4915, 1058.0, 611.5, 404.9674, 2872.131, -89.6091, 0.2558604, 0.2631979
277, -33, -0.8745052, -1.190453, -316.8495, -467.1683, 196.4915, 1058.0, 611.5, 405.1418, 2871.978, -89.2208, 0.2658604, 0.2731979
278, -33, 0.4999606, -1.727644, -325.8488, -467.1683, 196.4915, 1058.0, 605.5, 404.5655, 2879.296, -88.86918, 0.2758604, 0.2480713
279, -33, 2.016598, -2.216858, -325.8488, -467.1683, 198.1833, 1058.0, 605.5, 403.7225, 2879.158, -88.54897, 0.2501118, 0.2580713
280, -33, 3.145132, -2.673961, -334.693, -467.1683, 198.1833, 1058.0, 605.5, 403.1149, 2887.867, -88.24977, 0.2601118, 0.2680713
281, -33, 5.153967, -3.066664, -334.693, -468.8441, 198.1833, 1058.0, 605.5, 401.1707, 2887.691, -87.99273, 0.2701118, 0.2780713
282, -33, 6.00977, -3.374371, -343.7321, -468.8441, 197.3358, 1058.0, 582.5, 400.4407, 2895.988, -87.79132, 0.2457001, 0.2518027
283, -33, 8.592574, -3.647227, -343.7321, -471.8808, 197.3358, 1058.0, 582.5, 397.2201, 2895.777, -87.61272, 0.2557001, 0.2618027
284, -33, 9.176558, -3.896223, -352.8112, -471.8808, 197.3358, 1058.0, 582.5, 396.6328, 2904.773, -87.44975, 0.2657001, 0.2718027
285, -33, 12.33142, -4.097033, -352.8112, -476.0523, 197.3358, 1058.0, 575.5, 392.3288, 2903.77, -87.31831, 0.2757, 0.247
286, -33, 12.20482, -4.249528, -362.9409, -476.0523, 195.6504, 1058.0, 575.5, 392.465, 2913.842, -87.21849, 0.2499891, 0.257
287, -33, 15.47261, -4.36955, -362.9409, -480.7293, 195.6504, 1058.0, 575.5, 387.712, 2913.57, -87.13993, 0.2599891, 0.267
288, -33, 15.69501, -4.469885, -373.6557, -480.7293, 195.6504, 1058.0, 575.5, 387.0906, 2924.241, -87.07426, 0.2699891, 0.277
289, -33, 18.05119, -4.550766, -373.6557, -484.8566, 186.5673, 1058.0, 545.0, 383.6081, 2924.628, -87.02132, 0.2456056, 0.2509838
290, -33, 18.15084, -4.597507, -383.8653, -484.8566, 186.5673, 1058.0, 545.0, 383.0375, 2934.809, -86.99073, 0.2556056, 0.2609838
291, -33, 20.36186, -4.625551, -383.8653, -488.208, 186.5673, 1058.0, 545.0, 379.6717, 2934.623, -86.97237, 0.2656056, 0.2709838
292, -33, 20.33885, -4.599407, -394.1502, -488.208, 186.5673, 1058.0, 536.5, 379.1509, 2943.99, -86.98948, 0.2756056, 0.2463707
293, -33, 21.36479, -4.511276, -394.1502, -490.859, 180.8747, 1058.0, 536.5, 377.3521, 2943.881, -87.04717, 0.2499168, 0.2563707
294, -33, 21.01789, -4.336843, -404.3198, -490.859, 180.8747, 1058.0, 536.5, 376.9778, 2954.09, -87.16134, 0.2599168, 0.2663707
295, -33, 22.21886, -4.043007, -404.3198, -493.5854, 180.8747, 1058.0, 536.5, 374.4553, 2954.055, -87.35367, 0.2699167, 0.2763707
296, -33, 21.43453, -3.647716, -414.6046, -493.5854, 172.6848, 1058.0, 510.0, 374.3658, 2964.391, -87.61241, 0.24555, 0.2505024
297, -33, 21.97752, -3.226549, -414.6046, -495.6113, 172.6848, 1058.0, 510.0, 372.6305, 2964.442, -87.88808, 0.25555, 0.2605024
298, -33, 21.40972, -2.917455, -423.8389, -495.6113, 172.6848, 1058.0, 510.0, 372.5519, 2973.759, -88.09039, 0.2655499, 0.2705024
299, -33, 20.98691, -2.530883, -423.8389, -496.0014, 172.6848, 1058.0, 499.0, 372.4285, 2973.998, -88.34342, 0.2755499, 0.2460006
300, -33, 20.2012, -1.989717, -432.4924, -496.0014, 168.5085, 1058.0, 499.0, 372.3674, 2982.8, -88.69764, 0.2498742, 0.2560005
301, -33, 19.46207, -1.488007, -432.4924, -496.1566, 168.5085, 1058.0, 499.0, 372.56, 2982.934, -89.02603, 0.2598742, 0.2660005
302, -33, 18.62352, -0.9951676, -440.441, -496.1566, 168.5085, 1058.0, 499.0, 372.8343, 2991.015, -89.34862, 0.2698741, 0.2760005
303, -33, 17.85015, -0.4490831, -440.441, -495.2611, 163.3927, 1058.0, 473.0, 373.0399, 2992.392, -89.70606, 0.2455172, 0.2502191
304, -33, 16.84916, 0.1639536, -447.8443, -495.2611, 163.3927, 1058.0, 473.0, 373.5078, 2999.954, -90.10732, 0.2555172, 0.2602191
305, -33, 14.82658, 0.8063518, -447.8443, -493.6652, 163.3927, 1058.0, 473.0, 375.5534, 3000.096, -90.52779, 0.2655172, 0.2702191
306, -33, 13.83295, 1.438971, -454.6625, -493.6652, 163.3927, 1058.0, 464.0, 376.1342, 3007.43, -90.94188, 0.2755172, 0.2457826
307, -33, 11.90068, 2.057789, -454.6625, -491.0142, 168.5085, 1058.0, 464.0, 378.1315, 3007.509, -91.34692, 0.2498491, 0.2557826
308, -33, 11.03702, 2.625145, -461.0506, -491.0142, 168.5085, 1058.0, 464.0, 378.7438, 3014.03, -91.71828, 0.259849, 0.2657826
309, -33, 7.362892, 3.153839, -461.0506, -486.4924, 168.5085, 1058.0, 464.0, 383.6357, 3013.978, -92.06433, 0.269849, 0.2757826
310, -33, 6.630177, 3.658941, -467.0531, -486.4924, 168.5085, 1058.0, 450.5, 384.2614, 3020.518, -92.39494, 0.279849, 0.2500523
311, -33, 3.778513, 4.128726, -467.0531, -481.1549, 172.6848, 1058.0, 450.5, 387.9962, 3020.359, -92.70244, 0.2531599, 0.2600523
312, -33, 3.174693, 4.552899, -472.4659, -481.1549, 172.6848, 1058.0, 450.5, 388.5919, 3025.859, -92.98008, 0.2631599, 0.2700523
313, -33, -0.6632669, 4.937151, -472.4659, -475.9726, 172.6848, 1058.0, 444.5, 394.0386, 3026.114, -93.23159, 0.2731599, 0.2456542
314, -31.8706, -0.5213869, 5.230336, -478.6235, -475.9726, 185.7525, 1058.0, 444.5, 393.7729, 3032.325, -93.42349, 0.2480421, 0.2556542
315, -33, -4.732143, 5.424723, -478.6235, -469.8193, 185.7525, 1058.0, 444.5, 400.0523, 3031.979, -93.55073, 0.2580421, 0.2656542
316, -28.93049, -4.912997, 5.559536, -486.3771, -469.8193, 185.7525, 1058.0, 444.5, 400.6464, 3039.746, -93.63897, 0.2680421, 0.2756542
317, -29.95646, -8.686608, 5.584096, -486.3771, -463.972, 185.7525, 1058.0, 431.5, 406.4992, 3039.768, -93.65504, 0.2780421, 0.249954
318, -26.11146, -7.975031, 5.450401, -494.0154, -463.972, 198.1833, 1058.0, 431.5, 406.0313, 3047.363, -93.56753, 0.2517804, 0.259954
319, -27.48787, -12.24103, 5.290912, -494.0154, -457.0386, 198.1833, 1058.0, 431.5, 412.839, 3046.915, -93.46314, 0.2617804, 0.269954
320, -23.27488, -12.0808, 5.160423, -502.1945, -457.0386, 198.1833, 1058.0, 431.5, 413.222, 3055.051, -93.37773, 0.2717804, 0.279954
321, -24.94167, -15.25374, 4.943551, -502.1945, -450.646, 208.6263, 1058.0, 421.5, 418.3611, 3054.377, -93.23578, 0.2469829, 0.25324
322, -20.42419, -14.89904, 4.641334, -510.9633, -450.646, 208.6263, 1058.0, 421.5, 418.5963, 3063.066, -93.03797, 0.2569829, 0.26324
323, -21.94503, -18.15924, 4.366578, -510.9633, -445.1135, 208.6263, 1058.0, 421.5, 423.9276, 3062.736, -92.85812, 0.2669829, 0.27324
324, -17.81505, -17.86891, 4.08857, -519.8473, -445.1135, 208.6263, 1058.0, 407.5, 424.1315, 3070.921, -92.67615, 0.2769829, 0.2481036
325, -19.35737, -21.05779, 3.740615, -519.8473, -440.5163, 233.7823, 1058.0, 407.5, 429.3953, 3070.652, -92.44841, 0.2509707, 0.2581036
326, -13.67681, -20.62445, 3.332025, -530.5976, -440.5163, 233.7823, 1058.0, 407.5, 429.491, 3081.299, -92.18097, 0.2609707, 0.2681036
327, -15.45104, -22.3012, 2.907559, -530.5976, -437.2846, 233.7823, 1058.0, 407.5, 432.4222, 3081.097, -91.90313, 0.2709707, 0.2781035
328, -11.0467, -22.48136, 2.48856, -540.4969, -437.2846, 237.6466, 1058.0, 390.5, 433.2796, 3089.96, -91.62888, 0.2463606, 0.2518274
329, -12.82035, -23.24911, 2.050457, -540.4969, -435.4892, 237.6466, 1058.0, 390.5, 434.767, 3089.813, -91.34212, 0.2563606, 0.2618273
330, -7.841462, -22.81699, 1.580964, -550.3916, -435.4892, 237.6466, 1058.0, 390.5, 434.5901, 3099.589, -91.03481, 0.2663606, 0.2718273
331, -9.462444, -22.80596, 1.233965, -550.3916, -435.0636, 237.6466, 1058.0, 372.5, 434.7728, 3099.743, -90.80769, 0.2763606, 0.247019
332, -4.584608, -23.22465, 0.9808424, -560.0558, -435.0636, 240.5599, 1058.0, 372.5, 435.6758, 3109.342, -90.642, 0.2504947, 0.257019
333, -6.370205, -22.9054, 0.7201788, -560.0558, -435.2586, 240.5599, 1058.0, 372.5, 435.2986, 3109.276, -90.47139, 0.2604947, 0.267019
334, -1.893119, -22.71959, 0.4814519, -569.1349, -435.2586, 240.5599, 1058.0, 372.5, 435.1695, 3118.293, -90.31513, 0.2704947, 0.277019
335, -3.411514, -21.78015, 0.2569686, -569.1349, -437.985, 242.5084, 1058.0, 353.0, 433.7899, 3118.585, -90.1682, 0.2459946, 0.2509983
336, 0.7189217, -21.58977, -0.01136462, -577.7041, -437.985, 242.5084, 1058.0, 353.0, 433.5887, 3127.084, -89.99256, 0.2559946, 0.2609983
337, -1.029294, -18.74874, -0.311647, -577.7041, -442.1167, 242.5084, 1058.0, 353.0, 429.2483, 3126.982, -89.79602, 0.2659946, 0.2709983
338, 2.74196, -18.54439, -0.6288888, -585.4976, -442.1167, 242.5084, 1058.0, 338.0, 428.9579, 3134.851, -89.58837, 0.2759946, 0.2463819
339, 1.058821, -16.07059, -0.958288, -585.4976, -447.6093, 236.6783, 1058.0, 338.0, 425.169, 3134.691, -89.37276, 0.2502146, 0.2563818
340, 4.340096, -15.87396, -1.292419, -592.5906, -447.6093, 236.6783, 1058.0, 338.0, 424.8195, 3141.691, -89.15405, 0.2602145, 0.2663818
341, 2.791172, -12.2234, -1.621177, -592.5906, -453.0266, 236.6783, 1058.0, 338.0, 419.176, 3141.49, -88.93887, 0.2702145, 0.2763818
342, 5.849333, -11.70433, -1.929409, -598.5133, -453.0266, 212.2207, 1058.0, 321.5, 418.2568, 3147.973, -88.73712, 0.2457791, 0.2505109
343, 4.417304, -8.073917, -2.253435, -598.5133, -458.4395, 212.2207, 1058.0, 321.5, 412.6226, 3147.732, -88.52503, 0.2557791, 0.2605109
344, 7.151957, -7.900459, -2.608337, -604.4759, -458.4395, 212.2207, 1058.0, 321.5, 412.1887, 3153.591, -88.29272, 0.2657791, 0.2705109
345, 6.687515, -3.797789, -2.955908, -604.4759, -464.637, 212.2207, 1058.0, 310.0, 405.7563, 3154.589, -88.06522, 0.2757791, 0.2460071
346, 9.192586, -3.377052, -3.291392, -610.0439, -464.637, 199.8884, 1058.0, 310.0, 404.8789, 3160.055, -87.84564, 0.2500496, 0.2560071
347, 7.910892, 1.40132, -3.616257, -610.0439, -471.8808, 199.8884, 1058.0, 310.0, 397.4194, 3159.648, -87.633, 0.2600496, 0.2660071
348, 9.653781, 1.504886, -3.88072, -614.2554, -471.8808, 199.8884, 1058.0, 310.0, 397.0455, 3163.777, -87.4599, 0.2700496, 0.2760071
349, 9.542264, 5.897818, -3.975402, -614.2554, -478.6235, 187.3834, 1058.0, 299.0, 390.1392, 3164.886, -87.39792, 0.2456522, 0.2502241
350, 9.874639, 5.93044, -4.070655, -616.2015, -478.6235, 187.3834, 1058.0, 299.0, 389.9825, 3166.801, -87.33558, 0.2556522, 0.2602241
351, 8.996259, 9.518638, -4.169463, -616.2015, -484.1561, 187.3834, 1058.0, 299.0, 384.3889, 3166.505, -87.2709, 0.2656522, 0.2702241
352, 9.820366, 9.494492, -4.217567, -617.2522, -484.1561, 187.3834, 1058.0, 296.0, 384.3051, 3168.826, -87.23941, 0.2756521, 0.2457865
353, 9.115707, 12.17401, -4.221426, -617.2522, -488.2479, 177.6166, 1058.0, 296.0, 380.1406, 3168.628, -87.23689, 0.2499524, 0.2557864
354, 8.856257, 12.16929, -4.206028, -617.7221, -488.2479, 177.6166, 1058.0, 296.0, 380.1286, 3169.101, -87.24696, 0.2599524, 0.2657864
355, 8.373446, 14.26785, -4.190922, -617.7221, -491.5195, 177.6166, 1058.0, 296.0, 376.871, 3168.949, -87.25685, 0.2699524, 0.2757864
356, 8.802131, 14.21217, -4.132374, -617.7221, -491.5195, 177.6166, 1058.0, 295.0, 376.9111, 3170.221, -87.29518, 0.2799524, 0.2500552
357, 8.420805, 16.00689, -3.991289, -617.7221, -494.0908, 170.1877, 1058.0, 295.0, 374.1539, 3170.147, -87.38752, 0.2532388, 0.2600552
358, 7.544968, 15.97244, -3.871943, -616.8621, -494.0908, 170.1877, 1058.0, 295.0, 374.2731, 3169.323, -87.46564, 0.2632388, 0.2700552
359, 7.961099, 16.26581, -3.767633, -616.8621, -494.6361, 170.1877, 1058.0, 297.0, 373.7998, 3170.273, -87.53391, 0.2732388, 0.2456565
360, 6.626867, 16.83474, -3.602946, -615.111, -494.6361, 164.2539, 1058.0, 297.0, 373.0243, 3168.571, -87.64171, 0.2481026, 0.2556565
361, 6.560664, 16.77398, -3.403068, -615.111, -494.6361, 164.2539, 1058.0, 297.0, 373.1615, 3168.628, -87.77254, 0.2581026, 0.2656565
362, 5.036143, 16.70887, -3.182898, -612.8501, -494.6361, 164.2539, 1058.0, 297.0, 373.3922, 3166.432, -87.91665, 0.2681026, 0.2756565
363, 5.747551, 16.15869, -2.934146, -612.8501, -493.9356, 164.2539, 1058.0, 300.0, 374.2634, 3167.459, -88.07947, 0.2781026, 0.2499557
364, 4.043938, 16.74929, -2.677679, -610.1636, -493.9356, 164.2539, 1058.0, 300.0, 373.4777, 3164.847, -88.24734, 0.2518266, 0.2599557
365, 4.232734, 15.30627, -2.409614, -610.1636, -491.8299, 164.2539, 1058.0, 300.0, 375.7676, 3164.977, -88.4228, 0.2618266, 0.2699557
366, 3.439061, 15.189, -2.113318, -607.3175, -491.8299, 164.2539, 1058.0, 300.5, 376.0362, 3163.599, -88.61674, 0.2718266, 0.24558
367, 3.668886, 13.64825, -1.801776, -607.3175, -488.7134, 170.1877, 1058.0, 300.5, 378.4809, 3163.744, -88.82066, 0.2470184, 0.2555799
368, 1.771389, 13.54607, -1.494593, -604.1212, -488.7134, 170.1877, 1058.0, 300.5, 378.7426, 3160.632, -89.02172, 0.2570184, 0.2655799
369, 2.123595, 11.04678, -1.168936, -604.1212, -485.0117, 170.1877, 1058.0, 300.5, 382.67, 3160.763, -89.23488, 0.2670184, 0.2755799
370, 1.231128, 10.92195, -0.8398745, -601.0845, -485.0117, 170.1877, 1058.0, 306.5, 382.9221, 3159.024, -89.45026, 0.2770184, 0.2498971
371, 1.588818, 8.966852, -0.5369462, -601.0845, -480.9998, 175.9803, 1058.0, 306.5, 385.9946, 3159.122, -89.64854, 0.2509978, 0.2598971
372, -0.3504649, 8.86302, -0.2549405, -597.6532, -480.9998, 175.9803, 1058.0, 306.5, 386.1955, 3155.766, -89.83314, 0.2609978, 0.2698971
373, 0.8395691, 5.817114, 0.03252029, -597.6532, -476.4425, 175.9803, 1058.0, 309.0, 390.9533, 3156.957, -90.02129, 0.2709978, 0.2455348
374, -1.363305, 6.170653, 0.3118452, -593.7964, -476.4425, 183.3125, 1058.0, 309.0, 390.4119, 3153.172, -90.20411, 0.2463815, 0.2555348
375, -0.8674034, 3.40556, 0.5684874, -593.7964, -472.3108, 183.3125, 1058.0, 309.0, 394.7229, 3153.206, -90.3721, 0.2563815, 0.2655348
376, -3.073951, 3.32415, 0.7669894, -589.7844, -472.3108, 183.3125, 1058.0, 309.0, 394.822, 3149.245, -90.50203, 0.2663815, 0.2755348
377, -2.224972, 0.3655393, 0.943986, -589.7844, -467.8289, 183.3125, 1058.0, 321.5, 399.4275, 3149.645, -90.61789, 0.2763815, 0.2498626
378, -4.213768, 0.706778, 1.11794, -586.0429, -467.8289, 192.3151, 1058.0, 321.5, 398.8486, 3145.947, -90.73174, 0.2505106, 0.2598626
379, -3.607917, -2.077479, 1.285053, -586.0429, -463.6219, 192.3151, 1058.0, 321.5, 403.1723, 3145.924, -90.84113, 0.2605106, 0.2698626
380, -3.607917, -2.077479, 1.285053, -582.851, -463.6219, 192.3151, 1058.0, 324.0, 403.2242, 3143.658, -90.9411, 0.2705106, 0.2455083
381, 1, 1, 1.585498, -582.851, -458.9848, 199.8884, 1058.0, 324.0, 407.2167, 3143.607, -91.03778, 0.2460068, 0.2555083
382, 2, 2, 1.74641, -579.7301, -458.9848, 199.8884, 1058.0, 324.0, 407.2646, 3140.527, -91.1431, 0.2560068, 0.2655083
383, 3, 3, 1.867749, -579.7301, -454.7379, 199.8884, 1058.0, 324.0, 411.5958, 3140.463, -91.22252, 0.2660068, 0.2755083
384, 4, 3.37853, 1.866572, -577.5889, -454.7379, 199.8884, 1058.0, 338.0, 411.5493, 3138.032, -91.22176, 0.2760068, 0.2498422
385, 5, 0.7506344, 1.735465, -577.5889, -451.1913, 208.6263, 1058.0, 338.0, 414.4555, 3137.932, -91.13594, 0.2502239, 0.2598422
386, 6, 0.102636, 1.614195, -576.4185, -451.1913, 208.6263, 1058.0, 338.0, 414.3497, 3136.732, -91.05657, 0.2602239, 0.2698422
387, 7, -1.932997, 1.523139, -576.4185, -448.7797, 208.6263, 1058.0, 338.0, 416.6971, 3136.668, -90.99696, 0.2702239, 0.2798422
388, 8, -4.194869, 1.341724, -575.758, -448.7797, 230.9013, 1058.0, 341.0, 418.5688, 3135.587, -90.87822, 0.2457863, 0.2531547
389, 9, -6.437115, 1.122848, -575.758, -447.104, 230.9013, 1058.0, 341.0, 420.0912, 3135.512, -90.73496, 0.2557863, 0.2631547
390, 10, -7.304326, 0.9599082, -575.6028, -447.104, 230.9013, 1058.0, 341.0, 419.9756, 3135.315, -90.62831, 0.2657863, 0.2731547
391, 11, -8.304223, 0.8294307, -575.6028, -446.6341, 230.9013, 1058.0, 343.5, 420.3543, 3134.685, -90.5429, 0.2757863, 0.2480381
392, 12, -9.849739, 0.7151318, -575.6028, -446.6341, 229.9446, 1058.0, 343.5, 421.7335, 3134.655, -90.46809, 0.2500551, 0.2580381
393, 13, -10.17522, 0.6630061, -575.6028, -446.5587, 229.9446, 1058.0, 343.5, 421.7724, 3134.641, -90.43397, 0.2600551, 0.2680381
394, 14, -10.37404, 0.6255902, -575.6028, -446.5587, 229.9446, 1058.0, 343.5, 421.7463, 3134.632, -90.40948, 0.2700551, 0.2780381
395, 15, -10.48667, 0.6047843, -575.6028, -446.5587, 229.9446, 1058.0, 343.0, 421.7318, 3134.17, -90.39586, 0.2800551, 0.2517774
396, 16, -11.46809, 0.6204732, -575.6028, -446.5587, 232.8202, 1058.0, 343.0, 423.3991, 3134.174, -90.40613, 0.2533171, 0.2617774
397, 17, -10.88799, 0.6594043, -575.6028, -447.1394, 232.8202, 1058.0, 343.0, 422.8456, 3134.188, -90.43161, 0.2633171, 0.2717773
398, 18, -10.77574, 0.680898, -575.5629, -447.1394, 232.8202, 1058.0, 343.0, 422.8603, 3133.764, -90.44568, 0.2733171, 0.2469806
399, 19, -11.35336, 0.6627846, -575.5629, -447.8443, 231.8599, 1058.0, 343.0, 423.5967, 3133.765, -90.43383, 0.2481627, 0.2569806
400, 20, -11.41923, 0.6503826, -575.5629, -447.8443, 231.8599, 1058.0, 343.0, 423.588, 3133.762, -90.42571, 0.2581627, 0.2669806
401, 21, -10.97304, 0.6496133, -575.5629, -448.5447, 231.8599, 1058.0, 343.0, 422.8871, 3133.767, -90.42521, 0.2681627, 0.2769805
402, 22, -11.05232, 0.6347985, -575.328, -448.5447, 231.8599, 1058.0, 341.5, 422.8751, 3133.399, -90.41551, 0.2781627, 0.2509689
403, 23, -10.26599, 0.5706554, -575.328, -449.4402, 213.1278, 1058.0, 341.5, 421.0775, 3133.388, -90.37353, 0.2518725, 0.2609689
404, 24, -10.62664, 0.5027241, -574.5123, -449.4402, 213.1278, 1058.0, 341.5, 421.0258, 3132.555, -90.32906, 0.2618725, 0.2709689
405, 25, -10.03882, 0.4340818, -574.5123, -450.9209, 213.1278, 1058.0, 342.0, 419.4972, 3132.477, -90.28413, 0.2718725, 0.2463593
406, 26, -10.35543, 0.3103299, -573.0715, -450.9209, 213.1278, 1058.0, 342.0, 418.8782, 3131.004, -90.20312, 0.2470537, 0.2563592
407, 27, -10.30726, 0.1254304, -573.0715, -452.5168, 213.1278, 1058.0, 342.0, 417.1534, 3130.956, -90.0821, 0.2570537, 0.2663592
408, 28, -11.36304, -0.0739924, -571.2008, -452.5168, 213.1278, 1058.0, 342.0, 417.0182, 3129.032, -89.95157, 0.2670537, 0.2763592
409, 29, -11.12069, -0.2658039, -571.2008, -454.4674, 213.1278, 1058.0, 344.5, 414.9342, 3129.039, -89.82602, 0.2770537, 0.2504936
410, 30, -12.18543, -0.4899724, -568.6295, -454.4674, 211.317, 1058.0, 344.5, 414.6104, 3126.408, -89.67929, 0.2510249, 0.2604936
411, 31, -11.92746, -0.7365205, -568.6295, -456.8835, 211.317, 1058.0, 344.5, 412.0234, 3126.318, -89.51792, 0.2610249, 0.2704936
412, 32, -13.21199, -0.9798866, -565.4333, -456.8835, 211.317, 1058.0, 347.0, 411.8948, 3123.541, -89.35863, 0.2710248, 0.2459938
413, 33, -12.8691, -1.257754, -565.4333, -459.2995, 204.2125, 1058.0, 347.0, 408.9078, 3123.426, -89.17674, 0.2464023, 0.2559938
414, 33, -14.50334, -1.56946, -562.002, -459.2995, 204.2125, 1058.0, 347.0, 408.7599, 3119.909, -88.97272, 0.2564023, 0.2659938
415, 33, -14.80877, -1.897577, -562.002, -461.4806, 204.2125, 1058.0, 347.0, 406.3529, 3119.766, -88.75795, 0.2664022, 0.2759938
416, 33, -16.7071, -2.259508, -557.99, -461.4806, 204.2125, 1058.0, 353.5, 406.2152, 3116.26, -88.52105, 0.2764022, 0.250214
417, 33, -16.25596, -2.618548, -557.99, -464.5173, 196.4915, 1058.0, 353.5, 402.3767, 3116.061, -88.28605, 0.2505265, 0.2602139
418, 33, -18.11319, -2.976178, -552.9274, -464.5173, 196.4915, 1058.0, 353.5, 402.3135, 3110.898, -88.05196, 0.2605265, 0.2702139
419, 33, -17.50051, -3.315193, -552.9274, -468.1791, 196.4915, 1058.0, 353.5, 398.4221, 3110.654, -87.83006, 0.2705265, 0.2802139
420, 33, -18.64844, -3.620966, -546.8495, -468.1791, 190.6631, 1058.0, 360.5, 397.7597, 3105.634, -87.62992, 0.2460191, 0.2534383
421, 33, -17.85912, -3.898845, -546.8495, -471.6104, 190.6631, 1058.0, 360.5, 394.1421, 3105.394, -87.44803, 0.2560191, 0.2634382
422, 33, -19.10968, -4.143004, -539.7166, -471.6104, 190.6631, 1058.0, 360.5, 394.3227, 3098.197, -87.28822, 0.2660191, 0.2734382
423, 33, -18.07495, -4.361088, -539.7166, -474.9618, 190.6631, 1058.0, 371.0, 390.8267, 3098.587, -87.14547, 0.2760191, 0.2482557
424, 33, -19.20976, -4.598835, -531.7281, -474.9618, 188.2007, 1058.0, 371.0, 390.9831, 3090.539, -86.98985, 0.2502333, 0.2582557
425, 33, -18.26184, -4.840803, -531.7281, -478.3133, 188.2007, 1058.0, 371.0, 387.4723, 3090.276, -86.83147, 0.2602333, 0.2682557
426, 33, -18.83225, -4.954554, -523.7041, -478.3133, 188.2007, 1058.0, 371.0, 387.854, 3082.23, -86.75702, 0.2702333, 0.2782557
427, 33, -17.15187, -4.980745, -523.7041, -482.0149, 189.0197, 1058.0, 386.0, 384.9859, 3082.766, -86.73987, 0.2457935, 0.2519436
428, 33, -17.15186, -4.980745, -514.9753, -482.0149, 189.0197, 1058.0, 386.0, 385.4824, 3074.051, -86.73987, 0.2557935, 0.2619436
429, 33, -15.75866, -5.044049, -514.9753, -484.6615, 189.0197, 1058.0, 386.0, 382.7971, 3073.878, -86.69845, 0.2657935, 0.2719435
430, 33, -15.87562, -5.059016, -505.0805, -484.6615, 189.0197, 1058.0, 400.5, 383.3593, 3065.17, -86.68864, 0.2757935, 0.2471082
431, 33, -13.71255, -4.97437, -505.0805, -487.9375, 182.5, 1058.0, 400.5, 380.6905, 3065.011, -86.74405, 0.2500607, 0.2571082
432, 33, -10.48774, -4.755831, -496.0414, -491.3245, 182.5, 1058.0, 400.5, 377.9512, 3055.869, -86.88709, 0.2700606, 0.2771082
433, 33, -9.983969, -4.650367, -485.1669, -491.3245, 175.1596, 1058.0, 419.0, 378.4178, 3046.291, -86.95613, 0.2456607, 0.2510666
434, 33, -6.792765, -4.470141, -485.1669, -494.871, 175.1596, 1058.0, 419.0, 374.9988, 3046.168, -87.07409, 0.2556607, 0.2610666
435, 33, -5.608384, -4.218313, -475.312, -494.871, 175.1596, 1058.0, 419.0, 375.6316, 3036.398, -87.23892, 0.2656607, 0.2710665
436, 33, -2.433756, -3.969271, -475.312, -498.0274, 175.1596, 1058.0, 438.0, 372.6488, 3036.291, -87.40193, 0.2756607, 0.2464343
437, 33, -1.227142, -3.713107, -464.5971, -498.0274, 171.0228, 1058.0, 438.0, 373.2331, 3025.66, -87.56961, 0.2499589, 0.2564343
438, 33, 2.386895, -3.417743, -464.5971, -501.5739, 171.0228, 1058.0, 438.0, 369.8918, 3025.613, -87.76294, 0.2599589, 0.2664343
439, 33, 3.910292, -3.083647, -453.2173, -501.5739, 171.0228, 1058.0, 438.0, 370.5007, 3014.335, -87.98162, 0.2699589, 0.2764343
440, 33, 8.726548, -2.782234, -453.2173, -506.9868, 171.0228, 1058.0, 457.5, 365.2978, 3014.539, -88.1789, 0.2799589, 0.2505511
441, 33, 10.10792, -2.479795, -442.2719, -506.9868, 163.3927, 1058.0, 457.5, 365.7463, 3003.682, -88.37687, 0.2532438, 0.2605511
442, 33, 15.24045, -2.135721, -442.2719, -512.639, 163.3927, 1058.0, 457.5, 360.3332, 3003.651, -88.60208, 0.2632438, 0.2705511
443, 33, 16.90295, -1.756131, -431.322, -512.639, 163.3927, 1058.0, 477.0, 360.7918, 2993.323, -88.85054, 0.2732438, 0.2460379
444, 33, 21.11158, -1.396461, -431.322, -517.6263, 160.7875, 1058.0, 477.0, 356.8896, 2993.352, -89.08595, 0.2481064, 0.256038
445, 33, 22.53772, -1.066386, -420.2968, -517.6263, 160.7875, 1058.0, 477.0, 357.2322, 2982.416, -89.30201, 0.2581064, 0.2660379
446, 33, 26.82064, -0.7142109, -420.2968, -521.9885, 160.7875, 1058.0, 477.0, 353.1149, 2982.483, -89.53252, 0.2681064, 0.2760379
447, 33, 28.29296, -0.36671, -409.8125, -521.9885, 160.7875, 1058.0, 495.0, 353.3799, 2972.956, -89.75997, 0.2781064, 0.2502477
448, 33, 31.23635, -0.07032076, -409.8125, -525.6148, 155.4803, 1058.0, 495.0, 350.9071, 2973.036, -89.95398, 0.2518295, 0.2602477
449, 33, 32.50594, 0.2344958, -399.3724, -525.6148, 155.4803, 1058.0, 495.0, 351.0737, 2962.675, -90.15349, 0.2618295, 0.2702477
450, 33, 35.45639, 0.5481942, -399.3724, -528.2215, 155.4803, 1058.0, 502.0, 348.6864, 2963.91, -90.35882, 0.2718295, 0.2458046
451, 33, 37.64435, 1.123757, -388.3826, -528.2215, 150.0484, 1058.0, 502.0, 349.1759, 2952.998, -90.55526, 0.2470207, 0.2558046
452, 33, 37.64435, 1.123757, -388.3826, -529.5869, 150.0484, 1058.0, 502.0, 348.0036, 2953.087, -90.73555, 0.2570207, 0.2658046
453, 33, 39.80459, 1.46283, -377.3574, -529.5869, 150.0484, 1058.0, 502.0, 347.9658, 2942.114, -90.86814, 0.2670207, 0.2758046
454, 33, 39.80459, 1.46283, -377.3574, -529.5869, 150.0484, 1058.0, 531.0, 348.0616, 2942.255, -90.95749, 0.2770206, 0.2500691
455, 33, 40.24055, 1.630258, -366.5672, -529.5869, 148.212, 1058.0, 531.0, 348.2205, 2931.492, -91.02517, 0.2509996, 0.2600691
456, 33, 40.24055, 1.630258, -366.5672, -528.6116, 148.212, 1058.0, 531.0, 349.2405, 2931.49, -91.06708, 0.2609996, 0.2700691
457, 33, 40.08831, 1.748356, -356.3178, -528.6116, 148.212, 1058.0, 540.5, 349.1118, 2922.774, -91.14438, 0.2709996, 0.2456672
458, 33, 39.23651, 1.999275, -356.3178, -525.535, 148.212, 1058.0, 540.5, 352.0299, 2922.74, -91.23535, 0.2463828, 0.2556672
459, 33, 39.23651, 1.999275, -346.3432, -525.535, 148.212, 1058.0, 540.5, 351.8744, 2912.795, -91.30862, 0.2563828, 0.2656672
460, 33, 38.05089, 2.352324, -346.3432, -521.5984, 148.212, 1058.0, 540.5, 355.9112, 2912.731, -91.40303, 0.2663828, 0.2756672
461, 33, 38.05089, 2.352324, -336.1736, -521.5984, 148.212, 1058.0, 569.5, 355.7728, 2902.851, -91.53971, 0.2763828, 0.2499639
462, 33, 36.66108, 2.777606, -336.1736, -516.221, 152.7793, 1058.0, 569.5, 360.485, 2902.74, -91.68311, 0.2505117, 0.2599639
463, 33, 36.66108, 2.777606, -326.8241, -516.221, 152.7793, 1058.0, 569.5, 360.3228, 2893.445, -91.81808, 0.2605117, 0.2699639
464, 33, 33.69083, 3.197153, -326.8241, -509.2875, 152.7793, 1058.0, 569.5, 367.405, 2893.25, -91.96013, 0.2705117, 0.2799639
465, 33, 33.69083, 3.197153, -318.4854, -509.2875, 162.5279, 1058.0, 586.0, 366.9011, 2885.35, -92.09269, 0.2460076, 0.2532476
466, 33, 34.48679, 3.364953, -318.4854, -501.5739, 162.5279, 1058.0, 586.0, 374.7273, 2885.085, -92.20252, 0.2560076, 0.2632476
467, 33, 30.30466, 3.596395, -309.4462, -501.5739, 162.5279, 1058.0, 586.0, 374.4434, 2876.081, -92.27777, 0.2660076, 0.2732476
468, 33, 30.30466, 3.596395, -309.4462, -491.7146, 162.5279, 1058.0, 605.0, 384.3764, 2874.865, -92.354, 0.2760076, 0.2481094
469, 33, 24.83504, 3.707605, -298.6116, -491.7146, 175.1596, 1058.0, 605.0, 383.1173, 2864.058, -92.40149, 0.2502245, 0.2581094
470, 33, 24.83504, 3.707605, -298.6116, -481.2746, 175.1596, 1058.0, 605.0, 393.5752, 2863.622, -92.4268, 0.2602245, 0.2681093
471, 33, 18.23867, 3.745942, -289.1469, -481.2746, 175.1596, 1058.0, 605.0, 393.1898, 2854.173, -92.44519, 0.2702245, 0.2781093
472, 33, 18.23867, 3.745942, -289.1469, -470.5597, 189.0197, 1058.0, 627.0, 402.319, 2852.871, -92.45189, 0.2457868, 0.2518318
473, 33, 12.30282, 3.735929, -280.1831, -470.5597, 189.0197, 1058.0, 627.0, 401.9299, 2843.913, -92.44534, 0.2557868, 0.2618318
474, 33, 5.717824, 3.692779, -280.1831, -460.5453, 189.0197, 1058.0, 627.0, 411.9278, 2843.485, -92.43841, 0.2657867, 0.2718318
475, 33, 5.717824, 3.692779, -269.2731, -460.5453, 189.0197, 1058.0, 645.5, 411.4467, 2832.073, -92.4171, 0.2757867, 0.2470224
476, 33, -1.234486, 3.544397, -269.2731, -448.4649, 205.088, 1058.0, 645.5, 421.4316, 2831.563, -92.38422, 0.2500555, 0.2570224
477, 33, -1.234486, 3.544397, -258.7134, -448.4649, 205.088, 1058.0, 645.5, 420.9407, 2820.988, -92.31997, 0.2600554, 0.2670224
478, 33, -9.643509, 3.225862, -258.7134, -436.9343, 205.088, 1058.0, 645.5, 432.3593, 2820.516, -92.22398, 0.2700554, 0.2770224
479, 33, -9.643509, 3.225862, -248.7389, -436.9343, 205.088, 1058.0, 664.5, 431.8803, 2810.38, -92.11147, 0.2800554, 0.2510009
480, 33, -19.50069, 2.661466, -248.7389, -425.1644, 248.38, 1058.0, 664.5, 444.3384, 2809.937, -91.94263, 0.2533174, 0.2610009
481, 33, -19.50069, 2.661466, -239.4293, -425.1644, 248.38, 1058.0, 664.5, 443.856, 2800.557, -91.74205, 0.2633174, 0.2710009
482, 33, -20.26309, 2.393389, -239.4293, -413.7092, 248.38, 1058.0, 684.5, 455.1188, 2798.878, -91.56658, 0.2733174, 0.2463838
483, 33, -30.83574, 1.846756, -228.2844, -413.7092, 273.1109, 1058.0, 684.5, 457.2148, 2787.671, -91.39469, 0.2481629, 0.2563838
484, 33, -30.83574, 1.846756, -228.2844, -402.6041, 273.1109, 1058.0, 684.5, 468.1184, 2787.384, -91.20879, 0.2581629, 0.2663838
485, 33, -39.91229, 1.157618, -217.1394, -402.6041, 273.1109, 1058.0, 684.5, 467.7305, 2776.165, -91.01274, 0.2681629, 0.2763838
486, 33, -39.91229, 1.157618, -217.1394, -393.7246, 273.1109, 1058.0, 706.5, 476.3369, 2774.907, -90.75771, 0.2781629, 0.2505125
487, 33, -49.64254, 0.126258, -207.3998, -393.7246, 289.05, 1058.0, 706.5, 477.8244, 2765.026, -90.40107, 0.2518727, 0.2605124
488, 33, -49.64254, 0.126258, -207.3998, -386.3567, 289.05, 1058.0, 706.5, 484.8534, 2764.908, -90.08265, 0.2618727, 0.2705124
489, 33, -55.13929, -0.1948187, -198.3607, -386.3567, 289.05, 1058.0, 728.5, 484.6667, 2754.519, -89.87248, 0.2718727, 0.2460082
490, 33, -60.31598, -0.5215602, -198.3607, -380.9439, 300.0289, 1058.0, 728.5, 491.4212, 2754.492, -89.72819, 0.2470538, 0.2560082
491, 33, -60.31598, -0.5215602, -190.1017, -380.9439, 300.0289, 1058.0, 728.5, 491.4015, 2746.205, -89.65861, 0.2570538, 0.2660082
492, 33, -62.38131, -0.5184014, -190.1017, -377.6323, 300.0289, 1058.0, 728.5, 494.6977, 2746.22, -89.6442, 0.2670538, 0.2760082
493, 33, -62.38131, -0.5184014, -182.5432, -377.6323, 300.0289, 1058.0, 746.0, 494.7589, 2737.334, -89.66068, 0.2770538, 0.250225
494, 33, -64.47886, -0.07134649, -182.5432, -375.9566, 322.0096, 1058.0, 746.0, 499.9898, 2737.38, -89.76203, 0.251025, 0.260225
495, 33, -64.47886, -0.07134649, -175.3749, -375.9566, 322.0096, 1058.0, 746.0, 500.1874, 2730.289, -89.9533, 0.261025, 0.270225
496, 33, -63.06697, 0.5495813, -175.3749, -375.8768, 322.0096, 1058.0, 756.5, 500.4893, 2728.789, -90.1616, 0.2710249, 0.2457871
497, 33, -63.06697, 0.5495813, -169.2173, -375.8768, 323.0092, 1058.0, 756.5, 503.6525, 2722.709, -90.35973, 0.2464023, 0.2557871
498, 33, -64.39272, 0.8164925, -169.2173, -377.4372, 323.0092, 1058.0, 756.5, 502.2789, 2722.794, -90.53443, 0.2564023, 0.2657871
499, 33, -62.09783, 1.37013, -165.3205, -377.4372, 323.0092, 1058.0, 756.5, 502.3889, 2718.957, -90.68565, 0.2664023, 0.2757871