idx, fwd, side, left, right, back, X, Y, THETA, Pxx, Pyy,fwd_mm,side_mm
0,0,0,1172,658,87,220.8894,2746.69,-0.04499799,0.1884822,0.2481046,87,658
1,0,0,1172,658,87,220.899,2746.691,-0.04596859,0.1805629,0.2581046,87,658
2,0,0,1172,658,87,220.8994,2746.69,-0.04495401,0.1905629,0.2681046,87,658
3,0,0,1172,658,87,220.8999,2746.665,-0.04380898,0.2005629,0.2441544,87,658
4,0,0,1172,658,87,220.9113,2746.66,-0.03914799,0.1905062,0.2541544,87,658
5,0,0,1172,658,87,220.9165,2746.668,-0.04628911,0.1822364,0.2641544,87,658
6,0,0,1172,658,87,220.914,2746.653,-0.05199945,0.1922364,0.2411044,87,658
7,0,0,1172,658,86.50001,220.8767,2746.651,-0.05016584,0.1836646,0.2511045,87,658
8,0,0,1172,658,86.50001,220.8402,2746.66,-0.05824058,0.1765672,0.2611044,87,658
9,0.000472222,0,1172,658,86.50001,220.9185,2746.635,-0.05162973,0.1865672,0.2387424,87.07536331,658
10,0,0,1172,658,87,220.8595,2746.629,-0.04575138,0.1789767,0.2487424,87,658
11,0,0,1172,658,87.5,220.9124,2746.635,-0.05184532,0.1726622,0.2587424,87,658
12,0,0,1172,658,87.5,220.912,2746.62,-0.05267476,0.1826622,0.2369087,87,658
13,0,0,1172,658,87,220.9228,2746.612,-0.04500801,0.1757336,0.2469087,87,658
14,0,0,1172,658,86,220.8458,2746.608,-0.04145946,0.1699508,0.2569087,87,658
15,0,0,1172,658,86,220.8438,2746.613,-0.04615993,0.1799508,0.2669086,87,658
16,0,0,1172,658,86,220.8447,2746.597,-0.04399627,0.1899508,0.2432321,87,658
17,0,0,1172,658,86,220.7673,2746.599,-0.04553191,0.1817775,0.2532321,87,658
18,0,0,1172,657,86.50001,220.7473,2746.695,-0.03725583,0.1749973,0.2326161,87,658
19,0,0,1172,657,86.50001,220.7277,2746.691,-0.03387168,0.1693341,0.2426161,87,658
20,0,0,1172,657,86.50001,220.7061,2746.699,-0.04089854,0.164577,0.2526161,87,658
21,0,0,1172,657,86.50001,220.7039,2746.705,-0.04588813,0.174577,0.2626161,87,658
22,0,0,1172,658,86.50001,220.7039,2746.68,-0.04590607,0.184577,0.2399139,87,658
23,0,0,1172,658,86.50001,220.6877,2746.675,-0.04119732,0.1773253,0.2499139,87,658
24,0,0,1172,658,86.50001,220.6735,2746.67,-0.03652277,0.1712825,0.2599139,87,658
25,0.000472222,0,1172,658,86.50001,220.7515,2746.644,-0.03068705,0.1812825,0.2378186,87.07536331,658
26,0.000472222,0,1172,658,87,220.7732,2746.644,-0.03051807,0.174585,0.2478186,87.07536331,658
27,0,0,1172,658,87,220.6943,2746.653,-0.03851224,0.184585,0.2578186,87,658
28,0,0,1172,658,86.50001,220.6739,2746.662,-0.04651524,0.1773319,0.2678186,87,658
29,0,0,1172,658,86.50001,220.6747,2746.64,-0.04464413,0.187332,0.2439339,87,658
30,0,0,1172,658,86.50001,220.662,2746.632,-0.03723538,0.1796105,0.2539339,87,658
31,0,0,1172,658,87,220.6917,2746.63,-0.03621329,0.1731911,0.2639339,87,658
32,0,0,1172,657,87,220.6883,2746.743,-0.04395578,0.1831911,0.2409339,87,658
33,0,0,1172,657,86.50001,220.6727,2746.74,-0.04151723,0.1761735,0.2509339,87,658
34,0,0,1172,657,86.50001,220.6746,2746.735,-0.03716922,0.1861735,0.2609339,87,658
35,0,0,1172,657,86.50001,220.6578,2746.738,-0.04013558,0.1786503,0.2709339,87,658
36,0,0,1172,658,86.50001,220.657,2746.711,-0.0419293,0.1886503,0.2463324,87,658
37,0,0,1172,658,87,220.6871,2746.713,-0.04423299,0.180702,0.2563323,87,658
38,0,0,1172,658,87,220.7114,2746.722,-0.05162715,0.1741013,0.2663323,87,658
39,0,0,1172,658,87,220.7143,2746.714,-0.04488166,0.1841013,0.2763323,87,658
40,0,0,1172,658,87,220.7425,2746.68,-0.03762132,0.1769301,0.250473,87,658
41,0,0,1172,658,87,220.7455,2746.673,-0.03095708,0.1869301,0.260473,87,658
42,0,0,1172,658,87,220.7671,2746.676,-0.03389321,0.1792776,0.270473,87,658
43,0,0,1172,656,87,220.7636,2746.908,-0.04191732,0.1892776,0.2459779,87,658
44,0,0,1172,656,86.50001,220.7368,2746.916,-0.04916709,0.181221,0.2559779,87,658
45,0,0,1172,656,86.50001,220.718,2746.911,-0.04449797,0.1745337,0.2659779,87,658
46,0,0,1172,656,86.50001,220.7191,2746.908,-0.04193679,0.1845337,0.2759779,87,658
47,0,0,1172,658,87,220.747,2746.85,-0.03437264,0.1772893,0.2502018,87,658
48,0,0,1172,658,87,220.7462,2746.852,-0.0361963,0.1872893,0.2602018,87,658
49,0,0,1172,658,87,220.7658,2746.86,-0.04419705,0.1795752,0.2702018,87,658
50,0,0,1172,657,87,220.7659,2746.939,-0.04410325,0.1895752,0.2457693,87,658
51,0,0,1172,657,86.50001,220.7449,2746.93,-0.03617178,0.181467,0.2557693,87,658
52,0,0,1172,657,86.50001,220.7238,2746.929,-0.0355403,0.1747387,0.2657693,87,658
53,0,0,1172,657,86.50001,220.7203,2746.938,-0.04341681,0.1847387,0.2757693,87,658
54,0,0,1172,657,86.50001,220.7183,2747.013,-0.0478591,0.1947387,0.2500421,87,658
55,0,0,1172,657,87,220.7461,2747.008,-0.04388339,0.1857261,0.2600421,87,658
56,0,0,1172,657,86.50001,220.7228,2747.012,-0.04727888,0.1782791,0.2700421,87,658
57,0,0,1172,657,86.50001,220.7264,2747.064,-0.03897087,0.1882791,0.2456464,87,658
58,0,0,1172,657,86.50001,220.7094,2747.054,-0.03063586,0.1803949,0.2556464,87,658
59,0.001444444,0,1172,657,87,220.9584,2747.018,0.001976028,0.1738452,0.2656464,87.23052302,658
60,0.001444444,0,1172,657,87,220.9728,2746.982,0.03455302,0.1838453,0.2756464,87.23052302,658
61,0.003416667,0,1172,658,87,221.2843,2746.929,0.02710586,0.1938453,0.249948,87.54527582,658
62,0.003416667,0,1172,658,87,221.2613,2746.92,0.0352014,0.1849905,0.259948,87.54527582,658
63,0.007805555,0,1172,658,87.5,221.9255,2746.908,0.04710021,0.1776687,0.269948,88.24571121,658
64,0.007805555,0,1172,658,87.5,221.9245,2746.86,0.04493774,0.1876687,0.245574,88.24571121,658
65,0.01438889,0,1172,658,88,222.8953,2746.84,0.06428414,0.1798894,0.255574,89.29636478,658
66,0.01438889,0,1172,658,88,222.8287,2746.81,0.09136516,0.1734238,0.265574,89.29636478,658
67,0.02341667,0,1172,658,88,224.2854,2746.774,0.127182,0.1834238,0.275574,90.73713443,658
68,0.02341667,0,1172,659,88,224.2923,2746.6,0.1426773,0.1934238,0.2498926,90.73713443,658
69,0.03586111,0.001944444,1172,659,88,225.8935,2746.886,0.1699206,0.1846434,0.2598926,92.72317879,657.6896805
70,0.03586111,0.001944444,1172,659,90,225.7402,2746.847,0.2058086,0.1773804,0.2698926,92.72317879,657.6896805
71,0.05466667,0.005361111,1172,657,90,228.7612,2747.37,0.2558907,0.1873804,0.2455314,95.72441277,657.1444047
72,0.05466667,0.005361111,1172,657,92,228.539,2747.3,0.3188637,0.1796507,0.2555314,95.72441277,657.1444047
73,0.07786111,0.01122222,1172,657,94.00001,231.8995,2748.176,0.3983648,0.1732246,0.2655313,99.42608087,656.2090133
74,0.07786111,0.01122222,1172,657,94.00001,231.9502,2748.053,0.5098997,0.1832246,0.2755313,99.42608087,656.2090133
75,0.1047222,0.01855556,1172,655,94.00001,236.2818,2749.178,0.6401915,0.1932246,0.2498599,103.7129203,655.0386642
76,0.1047222,0.01855556,1172,655,96.50001,235.7976,2749.048,0.7580423,0.1844792,0.2598599,103.7129203,655.0386642
77,0.1403611,0.02491667,1172,655,100.5,240.9039,2750.017,0.8855034,0.1772441,0.2698599,109.400636,654.0234762
78,0.1403611,0.02491667,1172,653,100.5,240.9696,2750.063,1.026983,0.1872441,0.2455062,109.400636,654.0234762
79,0.1784444,0.03247222,1172,653,102.5,246.1277,2751.263,1.148248,0.1795377,0.2555063,115.4784605,652.817664
80,0.1784444,0.03247222,1172,653,108.5,245.8538,2751.16,1.242,0.1731304,0.2655062,115.4784605,652.817664
81,0.2238611,0.04102778,1172,653,108.5,253.1117,2752.595,1.337556,0.1831304,0.2755062,122.7266437,651.4522573
82,0.2238611,0.04102778,1172,653,108.5,253.1565,2752.368,1.432396,0.1931304,0.2498407,122.7266437,651.4522573
83,0.2734167,0.04980556,1172,653,115.5,259.9875,2753.914,1.490404,0.1844016,0.2598407,130.6353659,650.0513859
84,0.2734167,0.04980556,1172,653,122.5,259.6817,2753.906,1.497686,0.1771796,0.2698407,130.6353659,650.0513859
85,0.3312778,0.06005555,1172,650,122.5,268.8633,2755.637,1.481831,0.1871796,0.2454914,139.8695871,648.4155602
86,0.3312778,0.06005555,1172,650,129.5,268.3651,2755.68,1.442323,0.1794843,0.2554914,139.8695871,648.4155602
87,0.3933056,0.07152778,1172,650,137.5,277.6093,2757.814,1.37731,0.1730858,0.2654914,149.768784,646.5846737
88,0.3933056,0.07152778,1172,650,137.5,277.5748,2757.895,1.303616,0.1830858,0.2754914,149.768784,646.5846737
89,0.4516389,0.08177778,1172,647,137.5,286.8093,2759.526,1.218666,0.1930858,0.2498293,159.0783649,644.9488464
90,0.4516389,0.08177778,1172,647,146,286.1393,2759.636,1.118238,0.1843648,0.2598293,159.0783649,644.9488464
91,0.5134167,0.09180555,1172,647,154.5,295.2617,2761.524,1.005736,0.1771491,0.2698293,168.9376636,643.3484854
92,0.5134167,0.09180555,1172,647,154.5,295.203,2761.665,0.8779102,0.1871491,0.2798293,168.9376636,643.3484854
93,0.5754167,0.09741667,1172,642,164,304.3953,2762.783,0.744836,0.179459,0.2531449,178.8324238,642.4529905
94,0.5754167,0.09741667,1172,642,172,304.4933,2762.892,0.6463985,0.1730647,0.2631449,178.8324238,642.4529905
95,0.6366944,0.1030278,1172,642,172,314.23,2763.961,0.5714775,0.1830647,0.2731449,188.61191,641.5574939
96,0.6366944,0.1030278,1172,640,172,314.2012,2764.089,0.5079761,0.1930647,0.2480306,188.61191,641.5574939
97,0.6957778,0.1079167,1172,640,181.5,322.8565,2764.992,0.4619366,0.1843474,0.2580306,198.0412016,640.7772602
98,0.6957778,0.1079167,1172,640,189.5,322.8963,2765.039,0.419972,0.1771346,0.2680305,198.0412016,640.7772602
99,0.7509722,0.1105833,1172,640,189.5,331.6651,2765.602,0.3363874,0.1871346,0.2780305,206.8498363,640.3516897
100,0.7509722,0.1105833,1172,640,199,331.7321,2765.589,0.2064517,0.179447,0.2517716,206.8498363,640.3516897
101,0.80175,0.1108333,1172,640,207.5,339.926,2765.777,0.07353294,0.1730547,0.2617716,214.953613,640.3117915
102,0.80175,0.1108333,1172,640,207.5,339.8634,2765.935,-0.06857211,0.1830547,0.2717716,214.953613,640.3117915
103,0.8447222,0.1108333,1172,638,207.5,346.6616,2766.109,-0.2050139,0.1930547,0.2469761,221.8116713,640.3117915
104,0.8447222,0.1108333,1172,638,212.5,346.591,2766.266,-0.3460912,0.1843392,0.2569761,221.8116713,640.3117915
105,0.8820556,0.1096111,1172,638,220,352.6114,2766.19,-0.5087615,0.1771278,0.2669761,227.7698172,640.5068459
106,0.8820556,0.1096111,1172,638,220,352.546,2766.36,-0.6611714,0.1871278,0.2769761,227.7698172,640.5068459
107,0.9120833,0.1018056,1172,639,227.5,357.6468,2765.221,-0.7839014,0.1794413,0.2509655,232.5620251,641.7525484
108,0.9120833,0.1018056,1172,639,231,358.2539,2765.304,-0.8585547,0.1730499,0.2609655,232.5620251,641.7525484
109,0.9323611,0.09205556,1172,639,231,361.4661,2763.7,-0.8593334,0.1830499,0.2709655,235.7982181,643.3085856
110,0.9323611,0.09205556,1172,644,231,361.4787,2763.278,-0.8298754,0.19305,0.2463567,235.7982181,643.3085856
111,0.9453055,0.08252778,1172,644,235,364.0478,2761.676,-0.7813747,0.1843353,0.2563567,237.8640526,644.8291517
112,0.9453055,0.08252778,1172,644,237,364.6927,2761.593,-0.7068544,0.1771246,0.2663567,237.8640526,644.8291517
113,0.9548333,0.07422222,1172,644,237,366.2394,2760.151,-0.6158028,0.1871246,0.2763566,239.3846219,646.1546602
114,0.9548333,0.07422222,1172,647,238,366.8035,2759.703,-0.4964546,0.1794387,0.2504916,239.3846219,646.1546602
115,0.95825,0.06591666,1172,647,240,367.9732,2758.222,-0.3586301,0.1730477,0.2604916,239.9299029,647.4801686
116,0.95825,0.06591666,1172,647,240,368.0309,2758.076,-0.2276498,0.1830477,0.2704916,239.9299029,647.4801686
117,0.95825,0.05933333,1172,651,240,368.0839,2756.474,-0.1059919,0.1930477,0.2459922,239.9299029,648.5308214
118,0.95825,0.05933333,1172,651,239,368.58,2756.356,0.000654267,0.1843335,0.2559922,239.9299029,648.5308214
119,0.95725,0.05591667,1172,651,240,368.9507,2755.715,0.08681664,0.177123,0.2659922,239.77031,649.0760961
120,0.95725,0.05591667,1172,651,240,368.9743,2755.656,0.1395686,0.187123,0.2759922,239.77031,649.0760961
121,0.9526111,0.05152778,1172,652,240.5,368.8147,2754.608,0.179637,0.1794374,0.2502128,239.0299745,649.7765318
122,0.9526111,0.05152778,1172,652,238.5,369.1462,2754.574,0.2105888,0.1730467,0.2602128,239.0299745,649.7765318
123,0.9457778,0.04541667,1172,652,238.5,368.0695,2753.57,0.2323537,0.1830467,0.2702127,237.9394283,650.7518216
124,0.9457778,0.04541667,1172,652,238.5,368.0713,2753.434,0.2363407,0.1930467,0.2457777,237.9394283,650.7518216
125,0.9382222,0.03930556,1172,652,236,367.1512,2752.472,0.2204496,0.1843326,0.2557777,236.7336081,651.7271114
126,0.9382222,0.03930556,1172,652,236,367.3966,2752.491,0.2035306,0.1771223,0.2657777,236.7336081,651.7271114
127,0.9308889,0.03222222,1172,652,236,366.2244,2751.371,0.191023,0.1871223,0.2757777,235.5632655,652.8575622
128,0.9308889,0.03222222,1172,654,236,366.5557,2751.28,0.172823,0.1794368,0.2500485,235.5632655,652.8575622
129,0.9247778,0.02611111,1172,654,236,365.5748,2750.322,0.1545607,0.1894368,0.2600485,234.5879772,653.8328521
130,0.9247778,0.02611111,1172,654,234.5,365.8355,2750.335,0.1433092,0.1813526,0.2700485,234.5879772,653.8328521
131,0.9181945,0.01927778,1172,653,234.5,364.7795,2749.536,0.1263798,0.1913526,0.2456514,233.5373293,654.9234031
132,0.9181945,0.01319444,1172,653,232,364.887,2748.581,0.1121018,0.1829354,0.2556514,233.5373293,655.894261
133,0.9106389,0.01319444,1172,653,230.5,363.7411,2748.612,0.0821545,0.1759609,0.2656513,232.3315091,655.894261
134,0.9106389,0.007083334,1172,653,230.5,363.7278,2747.672,0.05091792,0.1859609,0.2756513,232.3315091,656.8695501
135,0.9040277,0.007083334,1172,655,231,362.869,2747.927,0.02268294,0.1784739,0.2499518,231.2764085,656.8695501
136,0.9040277,0.002444444,1172,655,231,362.8595,2747.211,0.001373905,0.1884739,0.2599518,231.2764085,657.6098841
137,0.8981667,0.002444444,1172,655,229.5,362.0587,2747.232,-0.01762022,0.1805561,0.2699518,230.3410344,657.6098841
138,0.8981667,-0.001222222,1172,655,229.5,362.0503,2746.667,-0.03558809,0.1905561,0.2799518,230.3410344,658.195058
139,0.8915833,-0.001222222,1172,657,227,360.9971,2746.779,-0.04194594,0.1822777,0.2532383,229.2903705,658.195058
140,0.8915833,-0.003666667,1172,657,226,360.9092,2746.39,-0.04250529,0.1754136,0.2632383,229.2903705,658.585174
141,0.88475,-0.003666667,1172,657,226,359.8172,2746.394,-0.0456341,0.1854136,0.2732383,228.1998243,658.585174
142,0.88475,-0.004638889,1172,656,226,359.825,2746.502,-0.02800102,0.1954136,0.2481023,228.1998243,658.7403338
143,0.8779167,-0.004638889,1172,656,226,358.8567,2746.49,-0.01705096,0.1862813,0.2581023,227.1092781,658.7403338
144,0.8779167,-0.005138889,1172,656,226,358.9668,2746.389,0.002339861,0.1787397,0.2681023,227.1092781,658.8201302
145,0.8710834,-0.005138889,1172,656,226,357.8926,2746.347,0.03930036,0.1887397,0.2781023,226.0187319,658.8201302
146,0.8710834,-0.005138889,1172,656,224.5,357.9475,2746.618,0.03930036,0.180776,0.2518264,226.0187319,658.8201302
147,0.8652222,-0.005138889,1172,656,224,357.1041,2746.601,0.05382582,0.1741629,0.2618264,225.0833259,658.8201302
148,0.8652222,-0.005138889,1172,656,224,357.1099,2746.587,0.06690516,0.184163,0.2718264,225.0833259,658.8201302
149,0.8591111,-0.005138889,1172,657,224,356.1476,2746.67,0.09609577,0.194163,0.2470182,224.1080377,658.8201302
150,0.8591111,-0.005138889,1172,657,222,356.1363,2746.663,0.1019972,0.1852521,0.2570182,224.1080377,658.8201302
151,0.8520278,-0.005138889,1172,657,221,355.003,2746.668,0.09613634,0.1778858,0.2670182,222.9775933,658.8201302
152,0.8520278,-0.005138889,1172,657,221,355.0031,2746.667,0.09646169,0.1878859,0.2770182,222.9775933,658.8201302
153,0.8464167,-0.005138889,1172,656,220,354.0972,2746.898,0.09472125,0.1800693,0.2509978,222.0821015,658.8201302
154,0.8464167,-0.005138889,1172,656,220,354.081,2746.919,0.07554371,0.1735738,0.2609977,222.0821015,658.8201302
155,0.8425278,-0.005138889,1172,656,220,353.4547,2746.933,0.06267384,0.1835738,0.2709977,221.4614607,658.8201302
156,0.8425278,-0.005138889,1172,655,220,353.448,2747.263,0.04760562,0.1935738,0.2463814,221.4614607,658.8201302
157,0.8415277,-0.005138889,1172,655,221,353.4407,2747.279,0.03312841,0.1847669,0.2563814,221.3018518,658.8201302
158,0.8415277,-0.005138889,1172,655,220,353.4872,2747.288,0.02550505,0.177483,0.2663814,221.3018518,658.8201302
159,0.8410556,-0.005138889,1172,655,220,353.4097,2747.293,0.02067016,0.187483,0.2763814,221.226508,658.8201302
160,0.8410556,-0.005138889,1172,656,218.5,353.3262,2747.448,0.01637538,0.1797357,0.2505106,221.226508,658.8201302
161,0.8415277,-0.005138889,1172,656,218.5,353.3239,2747.447,0.01747649,0.1732955,0.2605106,221.3018518,658.8201302
162,0.8415277,-0.005138889,1172,656,218.5,353.3239,2747.447,0.01747649,0.1732955,0.2605106,221.3018518,658.8201302
163,0.8420278,-0.004638889,1172,654,218.5,353.4162,2747.865,0.04558935,0.1932955,0.2460068,221.3816642,658.7403338
164,0.8420278,-0.004388889,1172,654,219,353.3844,2747.887,0.06208634,0.1845377,0.2560068,221.3816642,658.7004356
165,0.8420278,-0.004388889,1172,654,219.5,353.4068,2747.854,0.09193682,0.1772926,0.2660068,221.3816642,658.7004356
166,0.8420278,-0.003416667,1172,654,219.5,353.4231,2747.968,0.1294628,0.1872927,0.2760068,221.3816642,658.5452758
167,0.8420278,-0.003416667,1172,655,219,353.4009,2748.122,0.1681548,0.1795779,0.2502239,221.3816642,658.5452758
168,0.8420278,-0.002916667,1172,655,219,353.3803,2748.163,0.2033171,0.1731639,0.2602239,221.3816642,658.4654794
169,0.8420278,-0.002916667,1172,655,219,353.3967,2748.122,0.2400257,0.1831639,0.2702239,221.3816642,658.4654794
170,0.8420278,-0.001944444,1172,655,219,353.4113,2748.394,0.2743124,0.1931639,0.2457863,221.3816642,658.3103195
171,0.8410556,-0.001944444,1172,655,219.5,353.2884,2748.367,0.2982931,0.1844292,0.2557863,221.226508,658.3103195
172,0.8410556,0.001472222,1172,655,220,353.3495,2748.91,0.2998696,0.1772026,0.2657863,221.226508,657.7650438
173,0.8381111,0.001472222,1172,655,220,352.875,2748.919,0.2896524,0.1872026,0.2757863,220.7565867,657.7650438
174,0.8381111,0.009777778,1172,656,219.5,352.922,2750.034,0.2817364,0.1795033,0.2500551,220.7565867,656.439536
175,0.8342222,0.009777778,1172,656,219,352.3589,2750.04,0.2745011,0.1731017,0.2600551,220.1359458,656.439536
176,0.8342222,0.02147222,1172,656,219,352.339,2751.936,0.2471182,0.1831017,0.2700551,220.1359458,654.573186
177,0.8290833,0.02147222,1172,654,219,351.5066,2751.784,0.2197583,0.1931017,0.2456564,219.3158138,654.573186
178,0.8290833,0.03711111,1172,654,219,351.6276,2754.305,0.1965859,0.184378,0.2556564,219.3158138,652.0773301
179,0.8232223,0.03711111,1172,654,218,350.7992,2754.327,0.1747234,0.184378,0.2556564,218.3804398,652.0773301
180,0.8232223,0.06102777,1172,654,218,350.7773,2758.177,0.1453044,0.18716,0.2756564,218.3804398,648.2604008
181,0.8171111,0.06102777,1172,651,217,349.8949,2757.626,0.1091421,0.179468,0.2499557,217.4051356,648.2604008
182,0.8171111,0.0893611,1172,651,216,349.8837,2762.193,0.06758502,0.1730722,0.2599557,217.4051356,643.7386023
183,0.81225,0.0893611,1172,651,216,349.0837,2762.254,0.0129355,0.1830722,0.2699557,216.6293386,643.7386023
184,0.81225,0.1213333,1172,651,216,349.0603,2767.437,-0.05952349,0.1930722,0.2799556,216.6293386,638.636066
185,0.8080833,0.1213333,1172,644,216.5,348.5558,2766.642,-0.1436094,0.1843537,0.2532413,215.9643628,638.636066
186,0.8080833,0.1603889,1172,644,215.5,348.6319,2772.971,-0.2302626,0.1771398,0.2632413,215.9643628,632.4030692
187,0.8044167,0.1603889,1172,644,215.5,348.006,2773.079,-0.3236103,0.1871398,0.2732413,215.3791994,632.4030692
188,0.8044167,0.2048333,1172,630,215.5,348.0235,2779.557,-0.4144457,0.1971398,0.2481045,215.3791994,625.3100582
189,0.802,0.2048333,1172,630,214.5,347.6903,2779.641,-0.4869889,0.1876997,0.2581045,214.9935113,625.3100582
190,0.802,0.2536667,1172,630,214,347.7647,2787.507,-0.5530276,0.1799152,0.2681045,214.9935113,617.516594
191,0.801,0.2536667,1172,630,214,347.5798,2787.575,-0.6118349,0.1899152,0.2781045,214.8339183,617.516594
192,0.801,0.3083611,1172,620,214,347.6968,2794.848,-0.6442382,0.1817481,0.2518281,214.8339183,608.7877557
193,0.801,0.3083611,1172,620,213.5,347.6681,2794.881,-0.673529,0.1749727,0.2618281,214.8339183,608.7877557
194,0.801,0.3686667,1172,620,213.5,347.7753,2804.541,-0.7065883,0.1849728,0.2718281,214.8339183,599.1634097
195,0.801,0.3686667,1172,603,213.5,347.7682,2804.182,-0.7231219,0.1949728,0.2470195,214.8339183,599.1634097
196,0.801,0.4279722,1172,603,214,347.8974,2813.65,-0.7273342,0.1859186,0.2570195,214.8339183,589.6986726
197,0.801,0.4279722,1172,603,214,347.9037,2813.659,-0.7347763,0.1784389,0.2670195,214.8339183,589.6986726
198,0.801,0.4919444,1172,603,214,348.0356,2823.86,-0.7283774,0.1884389,0.2770195,214.8339183,579.4891632
199,0.801,0.4919444,1172,588,214.5,348.082,2822.926,-0.7169179,0.1805271,0.2509987,214.8339183,579.4891632
200,0.801,0.5573611,1172,588,216.5,348.4117,2833.364,-0.7158602,0.1739555,0.2609987,214.8339183,569.0491219
201,0.8015,0.5573611,1172,588,216.5,348.4931,2833.359,-0.7121241,0.1839555,0.2709987,214.9137148,569.0491219
202,0.8015,0.6279167,1172,567,216.5,348.6354,2843.724,-0.6946946,0.1939555,0.2463822,214.9137148,557.7889486
203,0.8029722,0.6279167,1172,567,217,349.0743,2843.701,-0.6770751,0.1850813,0.2563822,215.1486675,557.7889486
204,0.8029722,0.6999444,1172,567,218.5,349.5041,2855.181,-0.6635397,0.1777441,0.2663822,215.1486675,546.2938386
205,0.8054167,0.6999444,1172,567,218.5,349.8943,2855.176,-0.6634111,0.1877441,0.2763822,215.5387923,546.2938386
206,0.8054167,0.7758889,1172,567,218.5,350.036,2867.282,-0.6512856,0.1877441,0.2763822,215.5387923,534.1736351
207,0.806389,0.7758889,1172,551,218,350.6052,2865.516,-0.6169659,0.1734758,0.2605112,215.6939645,534.1736351
208,0.806389,0.8557222,1172,551,218,350.7444,2878.233,-0.5961474,0.1834758,0.2705112,215.6939645,521.4328067
209,0.8068611,0.8557222,1172,529,218,350.8292,2877.875,-0.5742402,0.1934758,0.2460073,215.7693083,521.4328067
210,0.8068611,0.8557222,1172,529,218,350.8292,2877.875,-0.5742402,0.1934758,0.2460073,215.7693083,521.4328067
211,0.8078611,0.93775,1172,529,218,351.3048,2890.872,-0.4916584,0.1846863,0.2560072,215.9289012,508.3417516
212,0.8078611,0.93775,1172,529,218,351.3048,2890.872,-0.4916584,0.177416,0.2660072,215.9289012,508.3417516
213,0.8088333,1.022222,1172,504,220.5,351.8564,2903.793,-0.412169,0.1796802,0.2502243,216.0840575,494.8606196
214,0.8088333,1.109139,1172,504,227,352.7418,2917.626,-0.3777095,0.1732492,0.2602242,216.0840575,480.9892829
215,0.8093056,1.109139,1172,504,227,352.8332,2917.585,-0.3411098,0.1832492,0.2702242,216.1594332,480.9892829
216,0.8093056,1.198,1172,483,227,352.9207,2930.46,-0.2950451,0.1932492,0.2457866,216.1594332,466.8076977
217,0.8093056,1.198,1172,483,229,353.8682,2930.41,-0.2506541,0.1844995,0.2557866,216.1594332,466.8076977
218,0.8093056,1.283944,1172,483,232,354.9995,2944.105,-0.2316104,0.1772609,0.2657866,216.1594332,453.0916449
219,0.8090555,1.283944,1172,483,232,354.9641,2944.094,-0.2213681,0.187261,0.2757865,216.119519,453.0916449
220,0.8090555,1.373528,1172,460,228.5,355.6922,2956.633,-0.1997007,0.1795517,0.2500553,216.119519,438.7946739
221,0.8088333,1.373528,1172,460,222,355.6962,2956.606,-0.1752926,0.173142,0.2600553,216.0840575,438.7946739
222,0.8088333,1.455556,1172,460,222,355.7347,2969.715,-0.1915862,0.183142,0.2700553,216.0840575,425.7035869
223,0.8088333,1.455556,1172,436,222,355.7182,2969.602,-0.2292534,0.193142,0.2456566,216.0840575,425.7035869
224,0.8088333,1.533194,1172,436,223,355.8786,2982.023,-0.2566095,0.1844112,0.2556566,216.0840575,413.3131128
225,0.8093056,1.533194,1172,436,222,355.9455,2982.058,-0.2879215,0.1771876,0.2656566,216.1594332,413.3131128
226,0.8093056,1.609861,1172,436,222,356.0021,2994.34,-0.3305089,0.1871876,0.2756566,216.1594332,401.0776035
227,0.8088333,1.609861,1172,410,223.5,356.0441,2994.407,-0.3904709,0.1871876,0.2756566,216.0840575,401.0776035
228,0.8088333,1.684805,1172,410,225,356.3683,3006.441,-0.4459956,0.1730913,0.2599558,216.0840575,389.1170727
229,0.8088333,1.684805,1172,410,225,356.3577,3006.468,-0.4703041,0.1830913,0.2699558,216.0840575,389.1170727
230,0.8088333,1.684805,1172,410,225,356.3577,3006.468,-0.4703041,0.1830913,0.2699558,216.0840575,389.1170727
231,0.8088333,1.755139,1172,390,224.5,356.6611,3017.206,-0.3853159,0.1843694,0.2532414,216.0840575,377.8922651
232,0.8088333,1.81275,1172,390,223.5,356.7876,3026.426,-0.4087137,0.1771529,0.2632414,216.0840575,368.6979582
233,0.8078611,1.81275,1172,390,223.5,356.6375,3026.414,-0.3972104,0.1871529,0.2732414,215.9289012,368.6979582
234,0.8078611,1.863528,1172,371,224,356.8216,3034.34,-0.3448591,0.1794621,0.2481046,215.9289012,360.5941496
235,0.8046666,1.863528,1172,371,223.5,356.4254,3034.313,-0.3178911,0.1730673,0.2581046,215.4190817,360.5941496
236,0.8046666,1.904306,1172,371,223.5,356.4651,3040.806,-0.3042976,0.1830673,0.2681046,215.4190817,354.08627
237,0.7990556,1.904306,1172,354,223.5,355.5796,3041.97,-0.2813557,0.1930673,0.2441544,214.5236059,354.08627
238,0.7990556,1.904306,1172,354,223.5,355.5796,3041.97,-0.2813557,0.1930673,0.2441544,214.5236059,354.08627
239,0.7939444,1.933833,1172,354,225.5,355.5372,3046.665,-0.262293,0.1771364,0.2641544,213.7078946,349.3739703
240,0.7939444,1.952389,1172,354,225.5,355.5487,3049.633,-0.2678843,0.1871364,0.2741544,213.7078946,346.4125643
241,0.79125,1.952389,1172,349,225.5,355.5036,3050.385,-0.2884032,0.1794485,0.2488049,213.2778875,346.4125643
242,0.7853889,1.959222,1172,349,224,354.8634,3051.501,-0.3066803,0.1730559,0.2588048,212.3424975,345.3220659
243,0.7853889,1.959222,1172,349,224,354.8634,3051.501,-0.3066803,0.1730559,0.2588048,212.3424975,345.3220659
244,0.7814722,1.961667,1172,349,224,354.2235,3051.939,-0.3463137,0.1930559,0.2788048,211.71742,344.9318613
245,0.7814722,1.961667,1172,347,222.5,354.4225,3052.667,-0.3736888,0.1843402,0.252363,211.71742,344.9318613
246,0.7790277,1.961667,1172,347,222,354.1951,3052.703,-0.4026552,0.1771286,0.262363,211.3272951,344.9318613
247,0.7790277,1.961667,1172,347,222,354.1899,3052.716,-0.4146858,0.1871286,0.272363,211.3272951,344.9318613
248,0.7775834,1.959222,1172,350,222,353.9577,3052.594,-0.4120034,0.1971287,0.2474304,211.0967951,345.3220659
249,0.7775834,1.959222,1172,350,222.5,354.2,3052.583,-0.402697,0.1876906,0.2574304,211.0967951,345.3220659
250,0.7770833,1.955083,1172,350,222.5,354.3358,3051.908,-0.3887911,0.1799076,0.2674304,211.0169827,345.982621
251,0.7770833,1.955083,1172,350,222.5,354.3358,3051.908,-0.3887911,0.1799076,0.2674304,211.0169827,345.982621
252,0.7770833,1.955083,1172,350,222.5,354.3431,3051.889,-0.372015,0.1899076,0.2774303,211.0169827,345.982621
253,0.7766111,1.951917,1172,348,220.5,354.3221,3051.98,-0.326808,0.1749675,0.2613129,210.9416229,346.4878921
254,0.7761111,1.950444,1172,348,220.5,354.2519,3051.718,-0.3022624,0.1849675,0.2713129,210.8618265,346.7229725
255,0.7761111,1.950444,1172,350,220.5,354.2621,3052.039,-0.2789575,0.1949675,0.2466237,210.8618265,346.7229725
256,0.7761111,1.950444,1172,350,222.5,354.4791,3052.014,-0.25642,0.1859143,0.2566236,210.8618265,346.7229725
257,0.7761111,1.950444,1172,350,222.5,354.6675,3051.991,-0.2362127,0.1784353,0.2666236,210.8618265,346.7229725
258,0.7761111,1.950444,1172,350,222.5,354.6728,3051.978,-0.2242145,0.1884353,0.2766236,210.8618265,346.7229725
259,0.7761111,1.950444,1172,350,221,354.7035,3051.975,-0.2212895,0.1884353,0.2766236,210.8618265,346.7229725
260,0.7761111,1.950444,1172,350,220.5,354.686,3052.291,-0.2206746,0.173953,0.2606959,210.8618265,346.7229725
261,0.7761111,1.950444,1172,350,220.5,354.6845,3052.294,-0.224169,0.183953,0.2706959,210.8618265,346.7229725
262,0.7761111,1.950444,1172,348,220.5,354.6828,3052.816,-0.2279922,0.193953,0.2461493,210.8618265,346.7229725
263,0.7761111,1.950444,1172,348,221.5,354.7642,3052.799,-0.2135546,0.1850793,0.2561493,210.8618265,346.7229725
264,0.7766111,1.950444,1172,348,222.5,354.9967,3052.784,-0.1997403,0.1777424,0.2661493,210.9416229,346.7229725
265,0.7766111,1.950444,1172,348,222.5,355.01,3052.75,-0.1696,0.1877424,0.2761493,210.9416229,346.7229725
266,0.7766111,1.950444,1172,349,223,355.2145,3053.034,-0.106409,0.1799505,0.250333,210.9416229,346.7229725
267,0.7766111,1.950444,1172,349,222.5,355.3484,3052.972,-0.05103786,0.1734747,0.260333,210.9416229,346.7229725
268,0.7785556,1.950444,1172,349,222.5,355.6745,3052.933,-0.01547714,0.1834747,0.270333,211.2519513,346.7229725
269,0.7785556,1.950444,1172,351,222.5,355.7025,3052.941,0.04763427,0.1934747,0.2458702,211.2519513,346.7229725
270,0.7785556,1.950444,1172,351,222.5,355.7025,3052.941,0.04763427,0.1934747,0.2458702,211.2519513,346.7229725
271,0.7839167,1.949944,1172,351,222.5,356.5066,3052.742,0.1580641,0.1774152,0.2658702,212.1075448,346.8027689
272,0.7919722,1.949472,1172,351,222.5,357.8251,3052.592,0.2304635,0.1874152,0.2758702,213.3931455,346.8780968
273,0.7919722,1.949472,1172,350,223,357.7864,3052.747,0.3168612,0.1796795,0.2501194,213.3931455,346.8780968
274,0.8041945,1.949472,1172,350,224.5,359.6708,3052.653,0.416316,0.1732487,0.2601193,215.3437379,346.8780968
275,0.8041945,1.949472,1172,350,224.5,359.7358,3052.496,0.5588326,0.1732487,0.2601193,215.3437379,346.8780968
276,0.8198055,1.949472,1172,351,224.5,362.2951,3052.505,0.7075224,0.1932487,0.2457059,217.8351428,346.8780968
277,0.8198055,1.949472,1172,351,226,362.1534,3052.322,0.8745545,0.1844991,0.2557059,217.8351428,346.8780968
278,0.8388611,1.949472,1172,351,227.5,364.9549,3052.156,1.082722,0.1772606,0.2657058,220.8762814,346.8780968
279,0.8388611,1.949472,1172,351,227.5,365.0598,3051.911,1.30574,0.1872606,0.2757058,220.8762814,346.8780968
280,0.8627778,1.955333,1172,351,227.5,368.2892,3052.802,1.538646,0.1795514,0.2499935,224.693217,345.9427228
281,0.8627778,1.955333,1172,351,227.5,368.2892,3052.802,1.538646,0.1795514,0.2499935,224.693217,345.9427228
282,0.8908611,1.965833,1172,351,232,372.7311,3054.114,2.023979,0.1831418,0.2699935,229.1751125,344.2669972
283,0.8908611,1.965833,1172,350,232,372.8478,3053.933,2.262715,0.1931418,0.245609,229.1751125,344.2669972
284,0.9240556,1.976806,1172,350,236.5,377.4636,3055.68,2.48629,0.184411,0.255609,234.4727193,342.5157843
285,0.9240556,1.976806,1172,350,244,377.6043,3055.456,2.692256,0.1771874,0.265609,234.4727193,342.5157843
286,0.9650833,1.987306,1172,350,244,384.1504,3057.265,2.880489,0.1871874,0.275609,241.0204492,340.8400588
287,0.9650833,1.987306,1172,347,245.5,383.8151,3057.125,3.059469,0.1794907,0.2499194,241.0204492,340.8400588
288,1.014139,1.996333,1172,347,251,391.0539,3058.844,3.215841,0.1730912,0.2599194,248.8493909,339.3994136
289,1.014139,1.996333,1172,347,251,391.112,3058.721,3.330266,0.1830912,0.2699194,248.8493909,339.3994136
290,1.062972,2.004889,1172,347,251,398.8508,3060.465,3.412224,0.1930912,0.2799194,256.6427913,338.0339367
291,1.062972,2.004889,1172,345,258.5,398.2982,3060.388,3.48295,0.1930912,0.2799194,256.6427913,338.0339367
292,1.115722,2.014417,1172,345,267.5,406.169,3062.279,3.513474,0.1771528,0.2632136,265.0613172,336.5133355
293,1.115722,2.014417,1172,345,267.5,406.1501,3062.319,3.476396,0.1871528,0.2732136,265.0613172,336.5133355
294,1.174306,2.018806,1172,343,274.5,414.7827,3063.385,3.396653,0.1794621,0.2480833,274.410908,335.8128822
295,1.174306,2.018806,1172,343,281.5,414.7902,3063.513,3.278332,0.1730672,0.2580833,274.410908,335.8128822
296,1.234111,2.02075,1172,343,281.5,424.2169,3064.515,3.102016,0.1830672,0.2680833,283.9553618,335.5026336
297,1.234111,2.02075,1172,343,281.5,424.1012,3064.769,2.86859,0.1930672,0.2780833,283.9553618,335.5026336
298,1.294167,2.023195,1172,337,290.5,432.699,3066.064,2.607014,0.1843495,0.2518119,293.5398734,335.1124289
299,1.294167,2.023195,1172,337,298.5,432.5631,3066.355,2.339954,0.1771364,0.2618119,293.5398734,335.1124289
300,1.361306,2.023695,1172,337,298.5,443.1377,3067.095,2.066058,0.1871364,0.2718118,304.2547816,335.0326325
301,1.361306,2.023695,1172,330,298.5,443.0046,3068.279,1.785856,0.1971364,0.2470071,304.2547816,335.0326325
302,1.361306,2.023695,1172,330,298.5,443.0046,3068.279,1.785856,0.1971364,0.2470071,304.2547816,335.0326325
303,1.422361,2.023695,1172,330,313,451.0725,3069.049,1.303039,0.1799129,0.2670071,313.9987265,335.0326325
304,1.481917,2.024167,1172,330,313,460.4465,3069.578,1.024323,0.1899129,0.2770071,323.5034417,334.9573046
305,1.481917,2.024167,1172,322,323,460.0016,3071.508,0.7049288,0.1817462,0.2509892,323.5034417,334.9573046
306,1.542944,2.025139,1172,322,331.5,469.2438,3072.045,0.3975898,0.1749712,0.2609892,333.242918,334.8021803
307,1.542944,2.025139,1172,322,331.5,469.1107,3072.378,0.09673791,0.1749712,0.2609892,333.242918,334.8021803
308,1.597889,2.02125,1172,321,331.5,477.7285,3073.477,-0.2392798,0.1949712,0.2463748,342.0117503,335.4228371
309,1.597889,2.02125,1172,321,339,477.1589,3073.849,-0.573415,0.1859173,0.2563748,342.0117503,335.4228371
310,1.640361,2.008055,1172,321,343.5,483.2302,3071.917,-0.8309732,0.1784378,0.2663748,348.7899802,337.5286655
311,1.640361,2.008055,1172,321,343.5,483.1437,3072.147,-1.03643,0.1884378,0.2763748,348.7899802,337.5286655
312,1.681639,1.995361,1172,320,352,489.2706,3071.99,-1.244219,0.1805262,0.2505056,355.3776562,339.5545379
313,1.681639,1.995361,1172,320,357,489.3597,3072.172,-1.406276,0.1739547,0.2605056,355.3776562,339.5545379
314,1.714833,1.981694,1172,320,357,494.5733,3069.921,-1.467121,0.1839547,0.2705055,360.6751832,341.7356941
315,1.714833,1.981694,1172,321,357,494.574,3071.589,-1.465361,0.1939548,0.2460029,360.6751832,341.7356941
316,1.743889,1.9685,1172,321,363,498.9657,3069.344,-1.443254,0.1850807,0.2560029,365.3123147,343.841363
317,1.743889,1.9685,1172,321,367.5,499.191,3069.344,-1.443254,0.1777435,0.2660029,365.3123147,343.841363
318,1.763417,1.951167,1172,321,367.5,502.2631,3066.444,-1.389692,0.1877435,0.2760029,368.4288449,346.6075868
319,1.763417,1.951167,1172,325,371.5,502.5795,3068.013,-1.323629,0.1799514,0.2502209,368.4288449,346.6075868
320,1.777583,1.934333,1172,325,376,505.2544,3065.219,-1.270755,0.1734755,0.2602209,370.6896381,349.2941738
321,1.777583,1.934333,1172,325,376,505.2687,3065.181,-1.236598,0.1834755,0.2702209,370.6896381,349.2941738
322,1.789056,1.922111,1172,333,376,507.0726,3064.181,-1.203689,0.1934755,0.245784,372.5206475,351.2447183
323,1.789056,1.922111,1172,333,378.5,507.5919,3064.128,-1.156478,0.1934755,0.245784,372.5206475,351.2447183
324,1.796861,1.911389,1172,333,380,509.2935,3062.317,-1.086801,0.1774158,0.265784,373.7662701,352.9558735
325,1.796861,1.911389,1172,333,380,509.2935,3062.317,-1.086801,0.1774158,0.265784,373.7662701,352.9558735
326,1.80125,1.901361,1172,336,380.5,510.4544,3061.487,-0.8883127,0.1796799,0.2500534,374.4667234,354.5562711
327,1.80125,1.901361,1172,336,380.5,510.851,3061.356,-0.7706153,0.173249,0.2600533,374.4667234,354.5562711
328,1.803222,1.894778,1172,336,380.5,511.2108,3060.159,-0.6419083,0.183249,0.2700533,374.7814406,355.6068712
329,1.803222,1.894778,1172,341,380.5,511.2722,3060.432,-0.5007496,0.193249,0.2456551,374.7814406,355.6068712
330,1.803695,1.890639,1172,341,381.5,511.7815,3059.62,-0.3649528,0.1844994,0.2556551,374.856928,356.2674263
331,1.803695,1.890639,1172,341,381.5,511.7815,3059.62,-0.3649528,0.1844994,0.2556551,374.856928,356.2674263
332,1.803695,1.887444,1172,341,383,512.3303,3058.879,-0.1566781,0.1872608,0.275655,374.856928,356.7773256
333,1.803695,1.887444,1172,341,383,512.3601,3059.391,-0.08925383,0.1972608,0.2499546,374.856928,356.7773256
334,1.803695,1.887444,1172,341,383,512.3601,3059.391,-0.08925383,0.1972608,0.2499546,374.856928,356.7773256
335,1.803695,1.886,1172,341,382.5,513.0607,3059.11,-0.04363432,0.1799975,0.2699546,374.856928,357.0077778
336,1.803695,1.886,1172,341,382.5,513.0605,3059.111,-0.04423488,0.1899975,0.2799546,374.856928,357.0077778
337,1.803695,1.886,1172,344,382,513.3255,3059.292,-0.0497885,0.1818161,0.2532405,374.856928,357.0077778
338,1.803695,1.886,1172,344,381.5,513.5095,3059.31,-0.06532983,0.1750294,0.2632405,374.856928,357.0077778
339,1.803695,1.886,1172,344,381.5,513.4973,3059.34,-0.09305751,0.1750294,0.2632405,374.856928,357.0077778
340,1.803695,1.886,1172,344,381.5,513.4814,3059.519,-0.1291093,0.1950294,0.248104,374.856928,357.0077778
341,1.803695,1.886,1172,344,382,513.7031,3059.554,-0.1604932,0.1859652,0.2581039,374.856928,357.0077778
342,1.803695,1.886,1172,344,382,513.8945,3059.592,-0.1944165,0.1784775,0.2681039,374.856928,357.0077778
343,1.803695,1.886,1172,344,382,513.8793,3059.63,-0.2292443,0.1884776,0.2781039,374.856928,357.0077778
344,1.803222,1.883556,1172,341,382,513.9884,3059.806,-0.2594966,0.1805591,0.2518276,374.7814406,357.3978228
345,1.803222,1.883556,1172,341,381.5,514.1025,3059.855,-0.3029348,0.1739822,0.2618276,374.7814406,357.3978228
346,1.800778,1.879139,1172,341,381.5,513.6948,3059.186,-0.333627,0.1839822,0.2718276,374.3913955,358.1027447
347,1.800778,1.879139,1172,343,381.5,513.6919,3059.478,-0.340098,0.1939822,0.2470192,374.3913955,358.1027447
348,1.795139,1.871833,1172,343,381,512.9848,3058.331,-0.3525784,0.1851033,0.2570192,373.4914511,359.2687305
349,1.795139,1.871833,1172,343,381,513.1646,3058.33,-0.3507247,0.1777623,0.2670192,373.4914511,359.2687305
350,1.787833,1.860583,1172,343,381,512.0002,3056.512,-0.3249099,0.1877623,0.2770192,372.3254653,361.0641507
351,1.787833,1.860583,1172,345,381.5,512.3314,3056.847,-0.2841253,0.179967,0.2509985,372.3254653,361.0641507
352,1.778056,1.847417,1172,345,380.5,511.0983,3054.72,-0.2544047,0.1734884,0.2609985,370.7651255,363.1653509
353,1.778056,1.847417,1172,345,380.5,511.119,3054.667,-0.20724,0.1834884,0.2709985,370.7651255,363.1653509
354,1.766111,1.829583,1172,348,380.5,509.2358,3052.338,-0.1426781,0.1934885,0.246382,368.8587882,366.0115308
355,1.766111,1.829583,1172,348,377.5,509.4644,3052.284,-0.09416579,0.1934885,0.246382,368.8587882,366.0115308
356,1.753417,1.806639,1172,348,377.5,507.8094,3048.588,-0.06122844,0.1774246,0.266382,366.8329159,369.6732304
357,1.753417,1.806639,1172,348,377.5,507.8339,3048.527,-0.006197396,0.1874247,0.2763819,366.8329159,369.6732304
358,1.73925,1.773694,1172,352,376.5,506.041,3044.375,0.04281589,0.1796873,0.250511,364.5719632,374.9310188
359,1.73925,1.773694,1172,352,375,506.3094,3044.343,0.07239279,0.1732552,0.260511,364.5719632,374.9310188
360,1.725583,1.734861,1172,352,375,504.1579,3038.1,0.1082513,0.1832552,0.270511,362.3908069,381.1284901
361,1.725583,1.734861,1172,352,375,504.1798,3038.046,0.1572419,0.1932552,0.280511,362.3908069,381.1284901
362,1.710194,1.692139,1172,366,372,502.1588,3032.102,0.1985452,0.1845044,0.2536648,359.9348317,387.9466183
363,1.710194,1.692139,1172,366,370,502.3314,3032.077,0.2214112,0.177265,0.2636648,359.9348317,387.9466183
364,1.700417,1.646722,1172,366,370,500.8183,3024.788,0.2517212,0.187265,0.2736648,358.3744918,395.1948493
365,1.700417,1.646722,1172,377,365,500.6697,3025.09,0.2876563,0.1795551,0.2484294,358.3744918,395.1948493
366,1.700417,1.646722,1172,377,365,500.6697,3025.09,0.2876563,0.1795551,0.2484294,358.3744918,395.1948493
367,1.691389,1.596917,1172,377,362.5,499.0629,3017.062,0.3518559,0.1831448,0.2684294,356.933687,403.143374
368,1.683833,1.544667,1172,377,362.5,497.9311,3008.678,0.3858153,0.1931448,0.2784294,355.727803,411.4821034
369,1.683833,1.544667,1172,391,360.5,497.6246,3009.262,0.4101649,0.1844135,0.2520763,355.727803,411.4821034
370,1.677,1.486806,1172,391,359,496.2986,2999.989,0.4376611,0.1771895,0.2620763,354.6373047,420.7163086
371,1.677,1.486806,1172,391,359,496.3121,2999.956,0.4674724,0.1771895,0.2620763,354.6373047,420.7163086
372,1.666,1.425528,1172,407,358.5,494.4622,2991.042,0.4944242,0.1794925,0.2472102,352.8817827,430.4958428
373,1.666,1.425528,1172,407,355.5,494.0453,2991.009,0.524814,0.1730926,0.2572102,352.8817827,430.4958428
374,1.653555,1.363028,1172,407,355.5,492.1639,2980.995,0.5433918,0.1830926,0.2672102,350.895649,440.4703994
375,1.653555,1.363028,1172,407,355.5,492.1679,2980.986,0.5520468,0.1930926,0.2772102,350.895649,440.4703994
376,1.643528,1.304694,1172,427,354,490.4161,2972.388,0.5580705,0.1843705,0.2511445,349.2954109,449.7800921
377,1.643528,1.304694,1172,427,353.5,490.1617,2972.378,0.5673594,0.1771538,0.2611445,349.2954109,449.7800921
378,1.63525,1.235361,1172,427,353.5,488.9594,2961.287,0.5795642,0.1871538,0.2711445,347.9743008,460.8451471
379,1.63525,1.235361,1172,442,351,488.6081,2961.427,0.5893218,0.1794629,0.2464942,347.9743008,460.8451471
380,1.629611,1.157472,1172,442,354,487.8593,2948.973,0.6020143,0.1730679,0.2564943,347.0743564,473.275679
381,1.629611,1.157472,1172,442,354,487.8642,2948.961,0.6127559,0.1830679,0.2664943,347.0743564,473.275679
382,1.626694,1.082528,1172,442,354,487.5304,2936.991,0.6175725,0.1930679,0.2764942,346.6088239,485.2362098
383,1.626694,1.082528,1172,464,356.5,487.8092,2937.419,0.6299541,0.1843501,0.250597,346.6088239,485.2362098
384,1.623028,1.008306,1172,464,358,487.7705,2925.56,0.6367672,0.1771369,0.2605969,346.0237563,497.0815145
385,1.623028,1.008306,1172,464,358,487.7637,2925.577,0.6218729,0.1871369,0.2705969,346.0237563,497.0815145
386,1.620583,0.9323611,1172,486,357.5,487.8549,2914.086,0.6094923,0.1794489,0.2460732,345.6335517,509.2017819
387,1.620583,0.9323611,1172,486,355.5,487.9981,2914.084,0.6115881,0.1794489,0.2460732,345.6335517,509.2017819
388,1.617667,0.8510834,1172,486,355.5,487.6984,2901.07,0.6457952,0.1830562,0.2660732,345.1681788,522.1731263
389,1.617667,0.8510834,1172,486,355.5,487.6919,2901.086,0.6317544,0.1930562,0.2760732,345.1681788,522.1731263
390,1.616694,0.7587778,1172,506,352.5,487.5773,2887.888,0.6168589,0.1843405,0.2502748,345.0128949,536.9044453
391,1.616694,0.7587778,1172,506,349,487.1688,2887.896,0.6093821,0.1771288,0.2602747,345.0128949,536.9044453
392,1.613028,0.6706667,1172,506,349,486.7263,2873.838,0.6009391,0.1871288,0.2702747,344.4278273,550.9663519
393,1.613028,0.6706667,1172,531,349.5,486.4177,2873.841,0.554719,0.1794422,0.2458254,344.4278273,550.9663519
394,1.609111,0.5822778,1172,531,349.5,485.6704,2859.802,0.4899369,0.1730507,0.2558254,343.8027019,565.0725933
395,1.609111,0.5822778,1172,531,349.5,485.6304,2859.9,0.4010584,0.1830507,0.2658254,343.8027019,565.0725933
396,1.606667,0.4904722,1172,531,349.5,485.283,2845.327,0.3291176,0.1930507,0.2758254,343.4126568,579.7241159
397,1.606667,0.4904722,1172,556,350,485.13,2845.806,0.2436004,0.1843359,0.250085,343.4126568,579.7241159
398,1.606667,0.4904722,1172,556,350,485.13,2845.806,0.2436004,0.1843359,0.250085,343.4126568,579.7241159
399,1.604222,0.3916111,1172,556,350,484.5807,2830.311,-0.01087323,0.1871251,0.270085,343.0224521,595.5016462