idx, fwd, side, left, right, back, X, Y, THETA, Pxx, Pyy
0, 0.0, 0.0, 9999.0, 654.0, 224.0, 359.0915, 2752.524, -0.03635053, 0.2218876, 0.2460197
1, 0.0, 0.0, 9999.0, 654.0, 224.5, 359.0277, 2752.531, -0.04222795, 0.2077951, 0.2560197
2, 0.0, 0.0, 9999.0, 654.0, 225.5, 359.075, 2752.528, -0.0400314, 0.1964069, 0.2660197
3, 0.0, 0.0, 9999.0, 654.0, 225.5, 359.0748, 2752.529, -0.04051688, 0.2064069, 0.2760197
4, 0.0, 0.0, 9999.0, 652.0, 225.5, 359.0759, 2752.523, -0.03806785, 0.2164069, 0.2502338
5, 0.0, 0.0, 9999.0, 652.0, 225.0, 359.0671, 2752.526, -0.04075391, 0.2033832, 0.2602338
6, 0.0, 0.0, 9999.0, 652.0, 225.0, 359.0672, 2752.526, -0.04043427, 0.2133832, 0.2702338
7, 0.0, 0.0, 9999.0, 651.0, 225.5, 359.1074, 2752.653, -0.04866219, 0.2009399, 0.2457939
8, 0.0, 0.0, 9999.0, 651.0, 225.0, 359.0976, 2752.652, -0.04766755, 0.1908147, 0.2557939
9, 0.0, 0.0, 9999.0, 651.0, 225.0, 359.0997, 2752.647, -0.04298718, 0.2008147, 0.2657939
10, 0.0, 0.0, 9999.0, 651.0, 225.0, 359.1031, 2752.743, -0.03534222, 0.2108147, 0.2423716
11, 0.0, 0.0, 9999.0, 651.0, 225.5, 359.1423, 2752.743, -0.03599669, 0.1988592, 0.2523716
12, 0.0, 0.0, 9999.0, 651.0, 225.5, 359.1408, 2752.747, -0.0393095, 0.2088592, 0.2623716
13, 0.0, 0.0, 9999.0, 651.0, 225.5, 359.1427, 2752.743, -0.03501556, 0.2188592, 0.2723716
14, 0.0, 0.0, 9999.0, 652.0, 225.0, 359.1289, 2752.71, -0.03291587, 0.2188592, 0.2723716
15, 0.0, 0.0, 9999.0, 652.0, 225.0, 359.1289, 2752.71, -0.03291587, 0.20536, 0.247437
16, 0.0, 0.0, 9999.0, 652.0, 224.0, 359.0171, 2752.716, -0.03801983, 0.1944243, 0.257437
17, 0.0, 0.0, 9999.0, 651.0, 224.0, 359.0139, 2752.815, -0.04511839, 0.2044244, 0.2358936
18, 0.0, 0.0, 9999.0, 651.0, 226.0, 359.1104, 2752.813, -0.04281816, 0.1936615, 0.2458936
19, 0.0, 0.0, 9999.0, 651.0, 226.0, 359.1134, 2752.805, -0.0358289, 0.2036615, 0.2558936
20, 0.0, 0.0, 9999.0, 653.0, 226.0, 359.2043, 2752.642, -0.03146868, 0.2011651, 0.2424486
21, 0.0, 0.0, 9999.0, 653.0, 225.0, 359.2008, 2752.652, -0.0395143, 0.2011651, 0.2424486
22, 0.0, 0.0, 9999.0, 653.0, 225.0, 359.1783, 2752.66, -0.04709641, 0.2009989, 0.2624486
23, 0.0, 0.0, 9999.0, 652.0, 225.0, 359.178, 2752.641, -0.04774794, 0.2109989, 0.2397841
24, 0.0, 0.0, 9999.0, 652.0, 224.5, 359.1136, 2752.633, -0.03992173, 0.2109989, 0.2397841
25, 0.0, 0.0, 9999.0, 652.0, 224.5, 359.1136, 2752.633, -0.03992173, 0.1990086, 0.2497842
26, 0.0, 0.0, 9999.0, 652.0, 224.5, 359.0584, 2752.625, -0.03289884, 0.199233, 0.2697842
27, 0.0, 0.0, 9999.0, 651.0, 224.5, 359.0555, 2752.738, -0.0394385, 0.209233, 0.2454479
28, 0.0, 0.0, 9999.0, 651.0, 224.5, 359.0555, 2752.738, -0.0394385, 0.209233, 0.2454479
29, 0.0, 0.0, 9999.0, 651.0, 225.0, 359.0486, 2752.743, -0.04304933, 0.1975754, 0.2554479
30, 0.0, 0.0, 9999.0, 652.0, 225.0, 359.054, 2752.701, -0.03079302, 0.2175755, 0.2421043
31, 0.0, 0.0, 9999.0, 652.0, 225.5, 359.0967, 2752.709, -0.03808844, 0.2175755, 0.2421043
32, 0.0, 0.0, 9999.0, 652.0, 224.5, 359.0363, 2752.717, -0.04462781, 0.193581, 0.2621043
33, 0.0, 0.0, 9999.0, 652.0, 224.5, 359.0376, 2752.713, -0.04179424, 0.203581, 0.2721043
34, 0.0, 0.0, 9999.0, 652.0, 224.5, 359.041, 2752.68, -0.03401411, 0.213581, 0.2472317
35, 0.0, 0.0, 9999.0, 652.0, 226.0, 359.1397, 2752.673, -0.02832057, 0.2010999, 0.2572317
36, 0.0, 0.0, 9999.0, 652.0, 226.0, 359.1366, 2752.681, -0.03529196, 0.2111, 0.2672317
37, 0.0, 0.0, 9999.0, 652.0, 226.0, 359.1338, 2752.665, -0.04156133, 0.2210999, 0.2434813
38, 0.0, 0.0, 9999.0, 652.0, 225.5, 359.1303, 2752.674, -0.04960366, 0.2210999, 0.2434813
39, 0.0, 0.0, 9999.0, 652.0, 225.5, 359.1686, 2752.674, -0.04960366, 0.2071624, 0.2534813
40, 0.0, 0.0, 9999.0, 652.0, 225.5, 359.2036, 2752.667, -0.04397132, 0.2058922, 0.2734813
41, 0.0, 0.0, 9999.0, 649.0, 225.5, 359.2069, 2753.012, -0.0366644, 0.2058922, 0.2734813
42, 0.0, 0.0, 9999.0, 649.0, 225.5, 359.234, 2753.019, -0.0432038, 0.2029678, 0.2582887
43, 0.0, 0.0, 9999.0, 649.0, 225.5, 359.2345, 2753.018, -0.04211139, 0.2129678, 0.2682887
44, 0.0, 0.0, 9999.0, 649.0, 225.5, 359.2381, 2753.313, -0.03401344, 0.2229678, 0.2442962
45, 0.0, 0.0, 9999.0, 649.0, 225.5, 359.2381, 2753.313, -0.03401344, 0.2229678, 0.2442962
46, 0.0, 0.0, 9999.0, 649.0, 226.0, 359.3379, 2753.312, -0.03292182, 0.1971116, 0.2642962
47, 0.0, 0.0, 9999.0, 649.0, 226.0, 359.3413, 2753.304, -0.02537458, 0.2071116, 0.2742962
48, 0.0, 0.0, 9999.0, 652.0, 226.0, 359.3382, 2753.312, -0.03236043, 0.2071116, 0.2742962
49, 0.0, 0.0, 9999.0, 652.0, 225.0, 359.3057, 2753.205, -0.02746489, 0.2039517, 0.2589136
50, 0.0, 0.0, 9999.0, 652.0, 225.0, 359.323, 2753.162, 0.01153842, 0.2139517, 0.2689136
51, 0.0, 0.0, 9999.0, 652.0, 225.0, 359.3824, 2753.015, 0.1443649, 0.2239517, 0.2789136
52, 0.0, 0.0, 9999.0, 652.0, 225.0, 359.3824, 2753.015, 0.1443649, 0.2239517, 0.2789136
53, -0.7242097, 1.838378, 9999.0, 651.0, 226.0, 359.5098, 2752.694, 1.066675, 0.1977525, 0.262446
54, -0.7242097, 1.838378, 9999.0, 651.0, 226.0, 359.88, 2751.863, 1.828887, 0.2077525, 0.272446
55, -2.924693, 10.16679, 9999.0, 651.0, 226.0, 359.5718, 2753.299, 2.910051, 0.2077525, 0.272446
56, -2.924693, 10.16679, 9999.0, 652.0, 227.0, 360.3792, 2751.74, 4.280519, 0.2044684, 0.2574941
57, -6.852138, 21.79593, 9999.0, 652.0, 227.0, 359.65, 2753.526, 5.942198, 0.2144685, 0.2674941
58, -6.852138, 21.79593, 9999.0, 652.0, 227.0, 360.8145, 2751.559, 7.857787, 0.2244684, 0.2774941
59, -12.11658, 37.46392, 9999.0, 652.0, 227.0, 359.6109, 2753.965, 10.01831, 0.2344685, 0.2874941
60, -12.11658, 37.46392, 9999.0, 652.0, 227.0, 361.2633, 2751.64, 12.40792, 0.2444685, 0.2974941
61, -17.99383, 56.79475, 9999.0, 652.0, 227.0, 359.6377, 2754.604, 14.98096, 0.2544685, 0.3074941
62, -17.99383, 56.79475, 9999.0, 652.0, 227.0, 361.746, 2752.165, 17.68237, 0.2644685, 0.3174941
63, -25.45876, 76.87764, 9999.0, 652.0, 227.0, 359.4993, 2754.755, 20.52489, 0.2744684, 0.327494
64, -25.45876, 76.87764, 9999.0, 652.0, 227.0, 362.0602, 2752.346, 23.47096, 0.2844684, 0.337494
65, -25.45876, 76.87764, 9999.0, 652.0, 227.0, 362.0602, 2752.346, 23.47096, 0.2844684, 0.337494
66, -32.92369, 97.07195, 9999.0, 652.0, 227.0, 362.4456, 2752.492, 29.38108, 0.3044684, 0.357494
67, -40.51396, 118.4919, 9999.0, 652.0, 227.0, 359.5585, 2754.818, 32.33961, 0.3144684, 0.367494
68, -40.51396, 118.4919, 9999.0, 652.0, 227.0, 362.5569, 2752.984, 35.28422, 0.3244684, 0.377494
69, -47.7282, 138.9368, 9999.0, 652.0, 227.0, 359.6527, 2754.892, 38.15916, 0.3344684, 0.387494
70, -47.7282, 138.9368, 9999.0, 652.0, 227.0, 362.6863, 2753.425, 40.98234, 0.3444684, 0.397494
71, -55.44383, 158.2816, 9999.0, 652.0, 227.0, 359.6551, 2754.721, 43.77422, 0.3544684, 0.407494
72, -55.44383, 158.2816, 9999.0, 652.0, 227.0, 362.6782, 2753.599, 46.47611, 0.3644684, 0.417494
73, -63.27086, 175.4119, 9999.0, 652.0, 227.0, 359.7785, 2754.233, 49.01741, 0.3744684, 0.427494
74, -63.27086, 175.4119, 9999.0, 652.0, 227.0, 359.7785, 2754.233, 49.01741, 0.3744684, 0.427494
75, -69.76089, 190.4671, 9999.0, 652.0, 227.0, 360.2912, 2753.848, 53.8816, 0.3944683, 0.4474939
76, -69.76089, 190.4671, 9999.0, 652.0, 227.0, 362.9166, 2753.34, 56.12201, 0.4044683, 0.4574939
77, -75.27603, 204.5475, 9999.0, 652.0, 227.0, 360.7129, 2753.717, 58.28147, 0.4144683, 0.4674939
78, -75.27603, 204.5475, 9999.0, 652.0, 227.0, 363.2145, 2753.421, 60.39194, 0.4244683, 0.4774939
79, -81.02793, 217.6389, 9999.0, 652.0, 227.0, 361.052, 2753.45, 62.39558, 0.4344683, 0.4874939
80, -81.02793, 217.6389, 9999.0, 652.0, 227.0, 363.3415, 2753.333, 64.31618, 0.4444683, 0.4974939
81, -85.55424, 228.2932, 9999.0, 652.0, 227.0, 361.9119, 2753.281, 66.20568, 0.4544683, 0.5074939
82, -85.55424, 228.2932, 9999.0, 652.0, 227.0, 364.0895, 2753.309, 68.03022, 0.4644683, 0.5174939
83, -88.74354, 237.3458, 9999.0, 652.0, 227.0, 363.1384, 2753.396, 69.79449, 0.4744683, 0.5274939
84, -88.74354, 237.3458, 9999.0, 652.0, 227.0, 365.2569, 2753.554, 71.5743, 0.4844683, 0.5374939
85, -91.68216, 248.7382, 9999.0, 652.0, 227.0, 363.7325, 2753.87, 73.44484, 0.4944683, 0.5474939
86, -91.68216, 248.7382, 9999.0, 652.0, 227.0, 366.0401, 2754.201, 75.39798, 0.5044683, 0.5574939
87, -96.93268, 260.2419, 9999.0, 652.0, 227.0, 364.4141, 2753.716, 77.3537, 0.5144682, 0.5674939
88, -96.93268, 260.2419, 9999.0, 652.0, 227.0, 366.7695, 2754.225, 79.37249, 0.5244682, 0.5774939
89, -103.6734, 272.6092, 9999.0, 652.0, 227.0, 365.0527, 2753.237, 81.50357, 0.5344682, 0.5874938
90, -103.6734, 272.6092, 9999.0, 652.0, 227.0, 367.5574, 2753.983, 83.69318, 0.5444682, 0.5974938
91, -109.676, 286.1881, 9999.0, 155.0, 227.0, 362.3438, 2753.148, 85.89351, 0.4341164, 0.6074938
92, -109.676, 286.1881, 9999.0, 155.0, 227.0, 364.8818, 2754.128, 88.17286, 0.4441164, 0.6174938
93, -115.1772, 302.1069, 9999.0, 155.0, 227.0, 362.4554, 2753.351, 90.53536, 0.4541163, 0.6274938
94, -115.1772, 302.1069, 9999.0, 165.0, 227.0, 364.1663, 2754.596, 92.92161, 0.3767, 0.6374938
95, -120.567, 317.7748, 9999.0, 165.0, 227.0, 361.9286, 2753.685, 95.32197, 0.3867, 0.6474938
96, -120.567, 317.7748, 9999.0, 165.0, 227.0, 364.449, 2755.188, 97.78065, 0.3967, 0.6574938
97, -126.681, 335.3926, 9999.0, 165.0, 227.0, 361.8021, 2753.78, 100.2472, 0.3967, 0.6574938
98, -126.681, 335.3926, 9999.0, 165.0, 227.0, 364.1474, 2755.464, 102.6662, 0.4167, 0.6774938
99, -126.681, 335.3926, 9999.0, 165.0, 227.0, 364.1474, 2755.464, 102.6662, 0.4167, 0.6774938
100, -133.6585, 351.186, 9999.0, 165.0, 227.0, 364.4025, 2755.57, 107.4925, 0.4367, 0.6974937
101, -140.2738, 367.23, 9999.0, 165.0, 227.0, 362.4585, 2753.688, 109.8536, 0.4367, 0.6974937
102, -140.2738, 367.23, 9999.0, 165.0, 227.0, 364.4057, 2755.643, 112.1658, 0.4566999, 0.7174937
103, -145.9004, 383.8729, 9999.0, 165.0, 227.0, 362.2768, 2753.775, 114.4843, 0.4666999, 0.7274937
104, -145.9004, 383.8729, 9999.0, 165.0, 227.0, 364.0543, 2755.874, 116.7889, 0.4766999, 0.7374937
105, -152.1397, 399.2902, 9999.0, 165.0, 227.0, 362.4716, 2753.815, 119.0482, 0.4766999, 0.7374937
106, -152.1397, 399.2902, 9999.0, 165.0, 227.0, 364.0314, 2755.978, 121.2823, 0.4966999, 0.7574937
107, -157.6549, 413.858, 9999.0, 165.0, 227.0, 362.6875, 2754.119, 123.5155, 0.5066999, 0.7674937
108, -157.6549, 413.858, 9999.0, 165.0, 227.0, 364.0623, 2756.375, 125.7286, 0.5166999, 0.7774937
109, -162.9193, 428.9132, 9999.0, 165.0, 227.0, 362.673, 2754.346, 127.9257, 0.5166999, 0.7774937
110, -162.9193, 428.9132, 9999.0, 165.0, 227.0, 363.8686, 2756.696, 130.1352, 0.5366999, 0.7974936
111, -167.571, 443.7316, 9999.0, 165.0, 227.0, 362.564, 2754.768, 132.3397, 0.5466999, 0.8074936
112, -167.571, 443.7316, 9999.0, 165.0, 227.0, 363.5713, 2757.192, 134.5396, 0.5566998, 0.8174936
113, -172.9468, 457.3105, 9999.0, 165.0, 227.0, 362.8607, 2755.322, 136.7577, 0.5566998, 0.8174936
114, -172.9468, 457.3105, 9999.0, 165.0, 227.0, 363.6825, 2757.833, 138.9716, 0.5766998, 0.8374936
115, -177.5985, 473.5913, 9999.0, 165.0, 227.0, 362.4075, 2755.366, 141.1827, 0.5866999, 0.8474936
116, -177.5985, 473.5913, 9999.0, 165.0, 227.0, 363.0399, 2757.971, 143.4284, 0.5966998, 0.8574936
117, -181.7627, 488.6466, 9999.0, 165.0, 227.0, 362.0566, 2755.871, 145.6806, 0.5966998, 0.8574936
118, -181.7627, 488.6466, 9999.0, 165.0, 227.0, 362.481, 2758.499, 147.911, 0.6166998, 0.8774936
119, -181.7627, 488.6466, 9999.0, 165.0, 227.0, 362.481, 2758.499, 147.911, 0.6166998, 0.8774936
120, -186.7904, 501.9887, 9999.0, 165.0, 227.0, 362.3876, 2759.39, 152.4461, 0.6366998, 0.8974936
121, -193.7679, 515.8184, 9999.0, 165.0, 227.0, 362.7238, 2757.167, 154.7117, 0.6366998, 0.8974936
122, -193.7679, 515.8184, 9999.0, 165.0, 227.0, 362.7256, 2759.911, 157.011, 0.6566998, 0.9174935
123, -199.5198, 530.6368, 9999.0, 165.0, 227.0, 362.7656, 2757.642, 159.3484, 0.6666998, 0.9274935
124, -199.5198, 530.6368, 9999.0, 165.0, 227.0, 362.5448, 2760.382, 161.6523, 0.6766997, 0.9374935
125, -204.1714, 546.0541, 9999.0, 165.0, 227.0, 362.3838, 2757.987, 163.9543, 0.6766997, 0.9374935
126, -204.1714, 546.0541, 9999.0, 165.0, 227.0, 361.9307, 2760.759, 166.3071, 0.6966997, 0.9574935
127, -208.8231, 561.2347, 9999.0, 165.0, 227.0, 361.9734, 2758.463, 168.6355, 0.7066998, 0.9674934
128, -208.8231, 561.2347, 9999.0, 165.0, 227.0, 361.3203, 2761.11, 170.9191, 0.7166997, 0.9774935
129, -213.5861, 576.1645, 9999.0, 165.0, 227.0, 361.5908, 2758.9, 173.2462, 0.7166997, 0.9774935
130, -213.5861, 576.1645, 9999.0, 1197.0, 227.0, 360.6941, 2305.974, 175.6035, 0.7366997, 0.6655517
131, -218.8506, 592.2085, 9999.0, 1197.0, 227.0, 361.31, 2303.399, 177.8975, 0.7466997, 0.6755517
132, -218.8506, 592.2085, 9999.0, 1197.0, 227.0, 361.31, 2303.399, 177.8975, 0.7466997, 0.6755517
133, -225.2153, 608.9767, 9999.0, 1197.0, 227.0, 361.4001, 2303.237, 182.526, 0.7566997, 0.6855517
134, -225.2153, 608.9767, 9999.0, 1197.0, 227.0, 360.1259, 2305.657, 184.8177, 0.7766996, 0.7055517
135, -231.7053, 624.032, 9999.0, 1197.0, 227.0, 361.5155, 2303.525, 187.0591, 0.7866997, 0.7155517
136, -231.7053, 624.032, 9999.0, 1197.0, 227.0, 360.0785, 2305.803, 189.3157, 0.7966996, 0.7255517
137, -237.5825, 639.5746, 9999.0, 1197.0, 227.0, 361.4483, 2303.636, 191.5997, 0.7966996, 0.7255517
138, -237.5825, 639.5746, 9999.0, 1197.0, 227.0, 359.8367, 2305.792, 193.8548, 0.8166996, 0.7455516
139, -243.5851, 654.8805, 9999.0, 1197.0, 227.0, 361.4151, 2303.788, 196.1021, 0.8266996, 0.7555516
140, -243.5851, 654.8805, 9999.0, 1197.0, 227.0, 359.6149, 2305.835, 198.386, 0.8366996, 0.7655516
141, -250.0751, 670.6738, 9999.0, 1197.0, 227.0, 361.5229, 2303.906, 200.6662, 0.8366996, 0.7655516
142, -250.0751, 670.6738, 9999.0, 1197.0, 227.0, 359.5928, 2305.78, 202.92, 0.8566996, 0.7855516
143, -256.4399, 686.0912, 9999.0, 1197.0, 227.0, 361.5618, 2304.094, 205.1964, 0.8666996, 0.7955516
144, -256.4399, 686.0912, 9999.0, 1197.0, 227.0, 359.4573, 2305.833, 207.4837, 0.8766995, 0.8055516
145, -262.8045, 701.7591, 9999.0, 1197.0, 227.0, 361.5978, 2304.239, 209.7573, 0.8766995, 0.8055516
146, -262.8045, 701.7591, 9999.0, 1197.0, 227.0, 359.365, 2305.803, 212.0414, 0.8966995, 0.8255516
147, -268.6818, 716.0761, 9999.0, 1197.0, 227.0, 361.2136, 2304.669, 214.3518, 0.9066996, 0.8355515
148, -268.6818, 716.0761, 9999.0, 1197.0, 227.0, 358.8665, 2306.048, 216.6324, 0.9166995, 0.8455516
149, -275.0465, 731.7442, 9999.0, 1197.0, 227.0, 361.2363, 2304.812, 218.9029, 0.9166995, 0.8455516
150, -275.0465, 731.7442, 9999.0, 1197.0, 227.0, 361.2363, 2304.812, 218.9029, 0.9366995, 0.8655516
151, -281.5226, 746.312, 9999.0, 1197.0, 227.0, 363.4191, 2303.967, 221.1968, 0.9466995, 0.8755515
152, -281.5226, 746.312, 9999.0, 1197.0, 227.0, 360.9136, 2305.06, 223.487, 0.9566995, 0.8855515
153, -287.8873, 760.267, 9999.0, 1197.0, 227.0, 362.9961, 2304.497, 225.7756, 0.9566995, 0.8855515
154, -287.8873, 760.267, 9999.0, 1197.0, 227.0, 360.3884, 2305.393, 228.0857, 0.9766994, 0.9055515
155, -294.1405, 776.6731, 9999.0, 1197.0, 227.0, 363.0876, 2304.489, 230.3835, 0.9866995, 0.9155515
156, -294.1405, 776.6731, 9999.0, 1197.0, 227.0, 360.4585, 2305.165, 232.6577, 0.9966994, 0.9255515
157, -300.9927, 792.341, 9999.0, 1197.0, 227.0, 363.1299, 2304.769, 234.9578, 0.9966994, 0.9255515
158, -300.9927, 792.341, 9999.0, 1197.0, 227.0, 360.418, 2305.237, 237.2633, 1.016699, 0.9455515
159, -307.3574, 807.1456, 9999.0, 1197.0, 227.0, 362.841, 2305.048, 239.526, 1.026699, 0.9555514
160, -307.3574, 807.1456, 9999.0, 1197.0, 227.0, 360.1405, 2305.297, 241.7981, 1.036699, 0.9655515
161, -312.4965, 822.8136, 9999.0, 1197.0, 227.0, 362.6158, 2304.835, 244.0954, 1.036699, 0.9655515
162, -312.4965, 822.8136, 9999.0, 1197.0, 227.0, 359.9082, 2304.868, 246.364, 1.056699, 0.9855515
163, -319.1118, 838.3702, 9999.0, 1197.0, 227.0, 362.6036, 2305.056, 248.6093, 1.066699, 0.9955514
164, -319.1118, 838.3702, 9999.0, 1197.0, 227.0, 359.8943, 2304.875, 250.8842, 1.076699, 1.005551
165, -324.613, 853.9128, 9999.0, 1197.0, 227.0, 362.4413, 2304.934, 253.1502, 1.076699, 1.005551
166, -324.613, 853.9128, 9999.0, 1197.0, 227.0, 359.7908, 2304.547, 255.3944, 1.096699, 1.025551
167, -330.6156, 867.9932, 9999.0, 1197.0, 227.0, 361.9046, 2305.053, 257.6563, 1.106699, 1.035551
168, -330.6156, 867.9932, 9999.0, 1197.0, 227.0, 359.2432, 2304.444, 259.9437, 1.116699, 1.045551
169, -336.1168, 882.4356, 9999.0, 1197.0, 227.0, 361.3999, 2304.944, 262.211, 1.116699, 1.045551
170, -336.1168, 882.4356, 9999.0, 1197.0, 227.0, 358.8124, 2304.132, 264.483, 1.136699, 1.065551
171, -340.6431, 897.8529, 9999.0, 1197.0, 227.0, 361.1862, 2304.468, 266.7813, 1.146699, 1.075551
172, -340.6431, 897.8529, 9999.0, 1197.0, 227.0, 358.6749, 2303.454, 269.0504, 1.156699, 1.085551
173, -347.0218, 912.546, 9999.0, 1197.0, 732.0, 360.8029, 2304.575, 271.3089, 1.156699, 1.085551
174, -347.0218, 912.546, 9999.0, 1197.0, 732.0, 358.3577, 2455.332, 273.5989, 1.176699, 0.7178231
175, -355.3363, 926.1249, 9999.0, 1197.0, 732.0, 359.937, 2457.174, 275.8813, 1.186699, 0.7278231
176, -355.3363, 926.1249, 9999.0, 1197.0, 732.0, 357.6184, 2455.776, 278.1497, 1.186699, 0.7278231
177, -362.4391, 941.3054, 9999.0, 1197.0, 732.0, 359.6106, 2457.453, 280.4444, 1.206699, 0.747823
178, -362.4391, 941.3054, 9999.0, 1197.0, 732.0, 357.3879, 2455.857, 282.7371, 1.216699, 0.757823
179, -368.4417, 956.4859, 9999.0, 1197.0, 732.0, 359.3779, 2457.382, 284.9903, 1.226699, 0.767823
180, -368.4417, 956.4859, 9999.0, 1197.0, 732.0, 357.3172, 2455.642, 287.25, 1.226699, 0.767823
181, -374.4303, 972.4047, 9999.0, 1197.0, 732.0, 359.384, 2457.381, 289.5231, 1.246699, 0.787823
182, -374.4303, 972.4047, 9999.0, 1197.0, 732.0, 357.4804, 2455.498, 291.7665, 1.256699, 0.797823
183, -380.3076, 987.4599, 9999.0, 1197.0, 732.0, 359.1932, 2457.268, 294.0129, 1.266699, 0.807823
184, -380.3076, 987.4599, 9999.0, 1197.0, 732.0, 357.4214, 2455.214, 296.2857, 1.266699, 0.807823
185, -386.3102, 1001.777, 9999.0, 1197.0, 732.0, 358.761, 2457.026, 298.5378, 1.286699, 0.827823
186, -386.3102, 1001.777, 9999.0, 1197.0, 732.0, 357.18, 2454.875, 300.775, 1.296699, 0.837823
187, -392.4241, 1016.094, 9999.0, 1197.0, 732.0, 358.3382, 2456.795, 303.0486, 1.306699, 0.847823
188, -392.4241, 1016.094, 9999.0, 1197.0, 732.0, 356.9113, 2454.489, 305.321, 1.306699, 0.847823
189, -398.3014, 1029.938, 9999.0, 1197.0, 732.0, 357.8719, 2456.388, 307.5495, 1.326699, 0.8678229
190, -398.3014, 1029.938, 9999.0, 1197.0, 732.0, 356.6411, 2454.0, 309.7999, 1.336699, 0.877823
191, -403.9279, 1046.204, 9999.0, 1197.0, 732.0, 358.0343, 2456.377, 312.0873, 1.346699, 0.8878229
192, -403.9279, 1046.204, 9999.0, 1197.0, 732.0, 356.9996, 2453.909, 314.3292, 1.346699, 0.8878229
193, -408.9557, 1060.41, 9999.0, 1197.0, 732.0, 357.9301, 2455.842, 316.5544, 1.366699, 0.9078229
194, -408.9557, 1075.827, 9999.0, 1197.0, 732.0, 360.2338, 2457.011, 318.8374, 1.376699, 0.9178229
195, -413.8441, 1075.827, 9999.0, 1197.0, 732.0, 358.2585, 2455.358, 321.1085, 1.386699, 0.9278229
196, -413.8441, 1091.495, 9999.0, 1197.0, 732.0, 360.5251, 2456.829, 323.339, 1.386699, 0.9278229
197, -413.8441, 1091.495, 9999.0, 1197.0, 732.0, 360.5251, 2456.829, 323.339, 1.396699, 0.9378229
198, -419.2338, 1106.676, 9999.0, 1197.0, 732.0, 360.6059, 2456.574, 327.8862, 1.416699, 0.9578229
199, -424.1362, 1106.676, 9999.0, 1197.0, 732.0, 358.9141, 2454.669, 330.1281, 1.426699, 0.9678228
200, -424.1362, 1122.344, 9999.0, 1197.0, 732.0, 360.9203, 2456.464, 332.3705, 1.426699, 0.9678228
201, -428.6625, 1122.344, 9999.0, 1197.0, 732.0, 359.492, 2454.335, 334.6511, 1.446699, 0.9878228
202, -428.6625, 1137.775, 9999.0, 1197.0, 732.0, 361.3213, 2456.195, 336.9091, 1.456699, 0.9978229
203, -432.9381, 1137.775, 9999.0, 1197.0, 732.0, 360.1361, 2453.992, 339.1413, 1.466699, 1.007823
204, -432.9381, 1153.931, 9999.0, 1197.0, 732.0, 361.8836, 2456.204, 341.4044, 1.466699, 1.007823
205, -437.5898, 1153.931, 9999.0, 1197.0, 732.0, 360.7664, 2453.902, 343.6732, 1.486699, 1.027823
206, -437.5898, 1169.473, 9999.0, 1197.0, 732.0, 362.287, 2456.082, 345.9123, 1.496699, 1.037823
207, -442.4921, 1169.473, 9999.0, 1197.0, 732.0, 361.2719, 2453.73, 348.1676, 1.506699, 1.047823
208, -442.4921, 1184.891, 9999.0, 1197.0, 732.0, 362.6197, 2455.938, 350.4464, 1.506699, 1.047823
209, -442.4921, 1184.891, 9999.0, 1197.0, 732.0, 362.6197, 2455.938, 350.4464, 1.516699, 1.057823
210, -448.1187, 1199.96, 9999.0, 1197.0, 732.0, 362.7077, 2455.801, 354.9225, 1.536699, 1.077823
211, -452.8956, 1199.96, 9999.0, 1197.0, 243.5, 368.8249, 2453.311, 357.1838, 0.8721907, 1.087823
212, -452.8956, 1216.728, 9999.0, 1197.0, 230.0, 369.7945, 2456.164, 359.4336, 0.8721907, 1.087823
213, -457.9094, 1216.728, 9999.0, 653.0, 230.0, 367.5421, 2558.313, 361.6778, 0.6221667, 0.7187706
214, -457.9094, 1231.658, 9999.0, 653.0, 230.0, 368.3501, 2560.622, 363.9558, 0.6321668, 0.7287705
215, -463.1739, 1231.658, 9999.0, 648.0, 230.0, 367.0388, 2558.032, 366.2349, 0.6321668, 0.7287705
216, -463.1739, 1246.838, 9999.0, 648.0, 230.0, 367.6305, 2614.042, 368.4826, 0.496091, 0.5494906
217, -468.313, 1246.838, 9999.0, 648.0, 230.0, 367.535, 2611.447, 370.7557, 0.506091, 0.5594906
218, -468.313, 1262.506, 9999.0, 661.0, 230.0, 367.9166, 2642.759, 373.0423, 0.516091, 0.4432712
219, -474.9283, 1262.506, 9999.0, 661.0, 236.5, 367.5556, 2640.057, 375.2889, 0.516091, 0.4432712
220, -474.9283, 1277.924, 9999.0, 661.0, 236.5, 368.3439, 2642.66, 377.5426, 0.4265258, 0.4632712
221, -481.1677, 1277.924, 9999.0, 661.0, 236.5, 368.3568, 2639.932, 379.8448, 0.4365258, 0.4732712
222, -481.1677, 1292.366, 9999.0, 693.0, 257.0, 372.5746, 2655.719, 382.1163, 0.3650285, 0.3892214
223, -488.1452, 1292.366, 9999.0, 693.0, 257.0, 372.5363, 2652.948, 384.3588, 0.3750285, 0.3992214
224, -488.1452, 1307.31, 9999.0, 693.0, 257.0, 372.4072, 2655.377, 386.6576, 0.3850285, 0.4092214
225, -494.7606, 1307.31, 9999.0, 519.0, 257.0, 372.7476, 2692.981, 388.959, 0.3950284, 0.3465755
226, -494.7606, 1322.602, 9999.0, 519.0, 277.5, 372.328, 2695.514, 391.217, 0.3950284, 0.3465755
227, -500.8745, 1322.602, 9999.0, 519.0, 277.5, 379.5874, 2692.906, 393.4931, 0.346818, 0.3665755
228, -500.8745, 1322.602, 9999.0, 519.0, 277.5, 379.5874, 2692.906, 393.4931, 0.346818, 0.3665755
229, -514.1053, 1352.963, 9999.0, 408.0, 317.0, 388.4528, 2741.42, 400.3564, 0.3027964, 0.316906
230, -514.1053, 1352.963, 9999.0, 408.0, 317.0, 390.954, 2740.286, 402.6573, 0.3227964, 0.3369059
231, -520.3446, 1367.893, 9999.0, 311.0, 317.0, 388.6876, 2793.208, 404.9493, 0.3327964, 0.2956283
232, -520.3446, 1367.893, 9999.0, 311.0, 348.0, 391.2329, 2486.043, 407.2164, 0.3327964, 0.2956283
233, -526.5841, 1382.586, 9999.0, 311.0, 348.0, 388.9555, 2486.651, 409.4994, 0.3527963, 0.275115
234, -526.5841, 1382.586, 9999.0, 311.0, 348.0, 391.5909, 2485.932, 411.7881, 0.3627963, 0.285115
235, -532.5866, 1396.666, 9999.0, 250.0, 356.5, 389.4483, 2229.686, 414.0476, 0.3627963, 0.285115
236, -532.5866, 1396.666, 9999.0, 250.0, 356.5, 400.9048, 2229.182, 416.3076, 0.3242253, 0.2671679
237, -538.8259, 1411.596, 9999.0, 250.0, 356.5, 398.4869, 2229.462, 418.5838, 0.3342253, 0.2771679
238, -538.8259, 1411.596, 9999.0, 212.0, 356.5, 402.0983, 2229.17, 420.8439, 0.3342253, 0.2771679
239, -545.0652, 1426.164, 9999.0, 212.0, 487.5, 399.7283, 2021.235, 423.0854, 0.3036793, 0.2587254
240, -545.0652, 1426.164, 9999.0, 212.0, 487.5, 402.4263, 2021.154, 425.3469, 0.3136793, 0.2687254
241, -550.455, 1442.556, 9999.0, 212.0, 487.5, 399.6407, 2021.473, 427.6081, 0.3236793, 0.2787254
242, -550.455, 1442.556, 9999.0, 212.0, 487.5, 399.6407, 2021.473, 427.6081, 0.3236793, 0.2787254
243, -555.3574, 1457.987, 9999.0, 191.0, 514.0, 397.6026, 1848.48, 432.1239, 0.2959684, 0.2623024
244, -555.3574, 1457.987, 9999.0, 191.0, 514.0, 400.299, 1848.828, 434.4017, 0.3059684, 0.2723023
245, -560.1205, 1474.393, 9999.0, 170.0, 514.0, 393.1547, 1848.899, 436.6526, 0.2728607, 0.2823023
246, -560.1205, 1474.393, 9999.0, 170.0, 827.0, 395.8106, 1736.165, 438.9264, 0.2828607, 0.2550295
247, -564.8974, 1490.424, 9999.0, 170.0, 827.0, 393.2176, 1736.009, 441.23, 0.2828607, 0.2550295
248, -564.8974, 1490.424, 9999.0, 170.0, 827.0, 395.8008, 1736.77, 443.4862, 0.3028607, 0.2750294
249, -570.0366, 1505.353, 9999.0, 162.0, 827.0, 388.6388, 1736.256, 445.7354, 0.27054, 0.2850294
250, -570.0366, 1505.353, 9999.0, 162.0, 827.0, 391.2049, 1737.24, 448.0382, 0.28054, 0.2950294
251, -574.0754, 1519.559, 9999.0, 162.0, 827.0, 389.2075, 1736.911, 450.3089, 0.29054, 0.3050294
252, -574.0754, 1519.559, 9999.0, 161.0, 827.0, 387.0138, 1738.048, 452.5278, 0.2612778, 0.3150294
253, -577.8776, 1535.965, 9999.0, 161.0, 827.0, 384.3372, 1737.563, 454.7923, 0.2712778, 0.3250294
254, -577.8776, 1535.965, 9999.0, 161.0, 827.0, 386.6932, 1738.924, 457.0718, 0.2812778, 0.3350294
255, -581.6657, 1551.995, 9999.0, 161.0, 827.0, 384.1475, 1738.236, 459.3042, 0.2912778, 0.3450294
256, -581.6657, 1551.995, 9999.0, 161.0, 827.0, 384.1475, 1738.236, 459.3042, 0.2912778, 0.3450294
257, -586.192, 1567.538, 9999.0, 159.0, 827.0, 379.9593, 1738.712, 463.8288, 0.2618352, 0.3550294
258, -586.192, 1567.538, 9999.0, 159.0, 827.0, 382.0552, 1740.41, 466.089, 0.2818352, 0.3750293
259, -591.0944, 1582.356, 9999.0, 159.0, 827.0, 380.1298, 1739.125, 468.3207, 0.2918352, 0.3850293
260, -591.0944, 1582.356, 9999.0, 164.0, 827.0, 379.1375, 1740.999, 470.5991, 0.2622561, 0.3950293
261, -591.0944, 1582.356, 9999.0, 164.0, 827.0, 379.1375, 1740.999, 470.5991, 0.2622561, 0.3950293
262, -596.1081, 1598.024, 9999.0, 164.0, 827.0, 378.9171, 1741.452, 475.1203, 0.2822561, 0.4150293
263, -602.3613, 1613.567, 9999.0, 176.0, 827.0, 376.5122, 1739.419, 477.3827, 0.2549942, 0.4250293
264, -602.3613, 1613.567, 9999.0, 176.0, 827.0, 378.1693, 1741.588, 479.6692, 0.2549942, 0.4250293
265, -608.9628, 1629.36, 9999.0, 176.0, 827.0, 376.6476, 1739.281, 481.9193, 0.2749942, 0.4450293
266, -608.9628, 1629.36, 9999.0, 176.0, 827.0, 378.1066, 1741.536, 484.1695, 0.2849942, 0.4550293
267, -615.3275, 1644.527, 9999.0, 198.0, 827.0, 379.0356, 1739.327, 486.4484, 0.2570762, 0.4650293
268, -615.3275, 1644.527, 9999.0, 198.0, 827.0, 380.3149, 1741.696, 488.7044, 0.2670762, 0.4750293
269, -622.0682, 1659.471, 9999.0, 198.0, 827.0, 379.3956, 1739.311, 490.9389, 0.2770762, 0.4850293
270, -622.0682, 1659.471, 9999.0, 198.0, 827.0, 379.3956, 1739.311, 490.9389, 0.2770762, 0.4850293
271, -629.0458, 1674.039, 9999.0, 252.0, 1162.5, 388.3256, 1739.407, 495.4734, 0.2510421, 0.4950293
272, -629.0458, 1674.039, 9999.0, 252.0, 1162.5, 610.3256, 1741.939, 497.7211, 0.2409042, 0.5150292
273, -635.7725, 1687.868, 9999.0, 252.0, 1162.5, 610.0308, 1739.773, 500.0047, 0.2509042, 0.5250292
274, -635.7725, 1687.868, 9999.0, 312.0, 1162.5, 610.7264, 1742.413, 502.2915, 0.2509042, 0.5250292
275, -641.6498, 1702.185, 9999.0, 312.0, 1162.5, 610.2866, 1479.593, 504.5509, 0.2709042, 0.4321089
276, -641.6498, 1702.185, 9999.0, 312.0, 1162.5, 610.7697, 1482.27, 506.8296, 0.2809042, 0.4421089
277, -647.6384, 1719.079, 9999.0, 396.0, 1162.5, 610.1386, 1315.676, 509.1341, 0.2909042, 0.3687511
278, -647.6384, 1719.079, 9999.0, 396.0, 1162.5, 610.1386, 1315.676, 509.1341, 0.2909042, 0.3687511
279, -655.6047, 1733.034, 9999.0, 396.0, 1162.5, 610.9655, 1315.934, 513.6371, 0.3109041, 0.3887511
280, -655.6047, 1733.034, 9999.0, 396.0, 1162.5, 611.0178, 1318.7, 515.9553, 0.3209041, 0.3987511
281, -662.819, 1747.476, 9999.0, 520.0, 1162.5, 611.4923, 1214.367, 518.2467, 0.3209041, 0.3987511
282, -662.819, 1747.476, 9999.0, 520.0, 1162.5, 611.334, 1217.03, 520.4817, 0.3409041, 0.3493884
283, -668.3341, 1762.782, 9999.0, 520.0, 1162.5, 611.3983, 1214.591, 522.7786, 0.3509041, 0.3593884
284, -668.3341, 1762.782, 9999.0, 520.0, 1162.5, 611.0114, 1217.326, 525.0931, 0.3609041, 0.3693884
285, -673.5986, 1777.461, 9999.0, 676.0, 1162.5, 611.2397, 1215.061, 527.3472, 0.3609041, 0.3693884
286, -673.5986, 1777.461, 9999.0, 676.0, 1162.5, 610.6522, 1162.92, 529.6128, 0.3809041, 0.3288957
287, -673.5986, 1777.461, 9999.0, 676.0, 1162.5, 610.6522, 1162.92, 529.6128, 0.3809041, 0.3288957
288, -679.0998, 1792.28, 9999.0, 1200.0, 1162.5, 610.3008, 1197.814, 534.2343, 0.4009041, 0.2970721
289, -683.7514, 1807.21, 9999.0, 1200.0, 1162.5, 610.6833, 1195.557, 536.502, 0.410904, 0.3070721
290, -683.7514, 1807.21, 9999.0, 1200.0, 1162.5, 609.6543, 1198.132, 538.8247, 0.4209041, 0.3170721
291, -688.8905, 1823.24, 9999.0, 1200.0, 1162.5, 610.3597, 1195.636, 541.1524, 0.430904, 0.327072
292, -688.8905, 1823.24, 9999.0, 1200.0, 1162.5, 609.1478, 1198.079, 543.4374, 0.440904, 0.337072
293, -694.0436, 1838.42, 9999.0, 1200.0, 1162.5, 610.0371, 1195.888, 545.7385, 0.450904, 0.347072
294, -694.0436, 1838.42, 9999.0, 1200.0, 1162.5, 610.0371, 1195.888, 545.7385, 0.450904, 0.347072
295, -698.8066, 1853.475, 9999.0, 1200.0, 1162.5, 609.5518, 1196.148, 550.3452, 0.470904, 0.367072
296, -698.8066, 1853.475, 9999.0, 1200.0, 1162.5, 607.9798, 1198.349, 552.6106, 0.480904, 0.377072
297, -703.2216, 1868.781, 9999.0, 1200.0, 1162.5, 608.9942, 1196.222, 554.9091, 0.4909039, 0.387072
298, -703.2216, 1868.781, 9999.0, 1200.0, 1162.5, 607.238, 1198.305, 557.1918, 0.500904, 0.397072
299, -707.4971, 1883.224, 9999.0, 1200.0, 1162.5, 608.3157, 1196.465, 559.4437, 0.5109039, 0.407072
300, -707.4971, 1883.224, 9999.0, 1200.0, 1162.5, 606.4028, 1198.4, 561.7237, 0.520904, 0.417072
301, -712.2742, 1898.641, 9999.0, 1200.0, 1162.5, 607.8719, 1196.466, 564.0083, 0.5309039, 0.427072
302, -712.2742, 1898.641, 9999.0, 1200.0, 1162.5, 605.8298, 1198.228, 566.2684, 0.5409039, 0.4370719
303, -716.8004, 1913.459, 9999.0, 1200.0, 1162.5, 607.2779, 1196.548, 568.5597, 0.5509039, 0.4470719
304, -716.8004, 1913.459, 9999.0, 1200.0, 1162.5, 605.058, 1198.172, 570.864, 0.5609039, 0.4570719
305, -722.5523, 1929.977, 9999.0, 1200.0, 1162.5, 607.2842, 1196.369, 573.1328, 0.5709039, 0.4670719
306, -722.5523, 1929.977, 9999.0, 1200.0, 1162.5, 604.9715, 1197.795, 575.409, 0.5809039, 0.4770719
307, -729.1677, 1946.258, 9999.0, 1200.0, 1162.5, 607.4536, 1196.436, 577.7246, 0.5909039, 0.4870719
308, -729.1677, 1946.258, 9999.0, 1200.0, 1162.5, 605.0324, 1197.673, 580.0023, 0.6009039, 0.4970719
309, -736.1453, 1961.564, 9999.0, 1200.0, 1162.5, 607.5531, 1196.785, 582.2541, 0.6109038, 0.5070719
310, -736.1453, 1961.564, 9999.0, 1200.0, 1162.5, 605.0045, 1197.84, 584.5649, 0.6209039, 0.5170719
311, -742.7606, 1977.232, 9999.0, 1200.0, 1162.5, 607.54, 1197.018, 586.868, 0.6309038, 0.5270719
312, -742.7606, 1977.232, 9999.0, 1200.0, 1162.5, 605.003, 1197.841, 589.1026, 0.6409039, 0.5370719
313, -749.4874, 1992.774, 9999.0, 1200.0, 1162.5, 607.6222, 1197.262, 591.3731, 0.6509038, 0.5470719
314, -749.4874, 1992.774, 9999.0, 1200.0, 1162.5, 604.9448, 1197.898, 593.6788, 0.6609038, 0.5570719
315, -755.8521, 2008.818, 9999.0, 1200.0, 1162.5, 607.7031, 1197.338, 595.9236, 0.6709038, 0.5670719
316, -755.8521, 2008.818, 9999.0, 1134.0, 1162.5, 605.065, 1197.752, 598.1609, 0.6709038, 0.5670719
317, -762.9549, 2024.236, 9999.0, 1134.0, 1162.5, 1030.712, 1197.725, 600.4691, 0.5179658, 0.5870718
318, -762.9549, 2024.236, 9999.0, 1134.0, 1162.5, 1027.976, 1197.929, 602.7678, 0.5279658, 0.5970718
319, -768.8321, 2038.316, 9999.0, 1134.0, 1162.5, 1030.138, 1197.925, 605.0256, 0.5379658, 0.6070718
320, -768.8321, 2038.316, 9999.0, 1134.0, 1162.5, 1027.397, 1197.912, 607.3219, 0.5379658, 0.6070718
321, -774.0966, 2055.572, 9999.0, 1134.0, 1162.5, 1030.368, 1197.563, 609.6429, 0.5579658, 0.6270718
322, -774.0966, 2055.572, 9999.0, 1134.0, 1162.5, 1027.676, 1197.335, 611.9063, 0.5679658, 0.6370718
323, -781.074, 2070.501, 9999.0, 1134.0, 1162.5, 1030.148, 1197.942, 614.1753, 0.5779658, 0.6470718
324, -781.074, 2070.501, 9999.0, 1134.0, 1162.5, 1027.421, 1197.489, 616.4917, 0.5779658, 0.6470718
325, -787.5501, 2085.682, 9999.0, 1134.0, 1162.5, 1029.88, 1198.12, 618.7668, 0.5979658, 0.6670718
326, -787.5501, 2085.682, 9999.0, 1134.0, 1162.5, 1029.88, 1198.12, 618.7668, 0.5979658, 0.6670718
327, -793.8035, 2101.225, 9999.0, 1134.0, 1162.5, 1029.738, 1198.204, 623.3312, 0.6179657, 0.6870718
328, -793.8035, 2101.225, 9999.0, 1134.0, 1162.5, 1027.145, 1197.333, 625.6227, 0.6179657, 0.6870718
329, -800.0427, 2115.068, 9999.0, 1134.0, 1162.5, 1029.083, 1198.29, 627.8654, 0.6379657, 0.7070717
330, -800.0427, 2115.068, 9999.0, 1134.0, 1162.5, 1026.607, 1197.237, 630.1203, 0.6479657, 0.7170717
331, -800.0427, 2115.068, 9999.0, 1134.0, 1162.5, 1026.607, 1197.237, 630.1203, 0.6479657, 0.7170717
332, -805.3072, 2129.998, 9999.0, 1134.0, 1162.5, 1026.449, 1196.817, 634.6096, 0.6579657, 0.7270717
333, -810.9338, 2143.828, 9999.0, 1134.0, 1162.5, 1028.219, 1197.863, 636.8682, 0.6779657, 0.7470717
334, -810.9338, 2143.828, 9999.0, 1134.0, 721.0, 1025.903, 1621.642, 639.1589, 0.6879657, 0.5491854
335, -817.6606, 2158.145, 9999.0, 1134.0, 721.0, 1027.651, 1623.195, 641.4267, 0.6979657, 0.5591854
336, -817.6606, 2158.145, 9999.0, 1134.0, 721.0, 1025.475, 1621.576, 643.6992, 0.7079657, 0.5691854
337, -823.301, 2172.713, 9999.0, 1134.0, 721.0, 1027.235, 1622.929, 646.0054, 0.7179657, 0.5791854
338, -823.301, 2172.713, 9999.0, 1134.0, 721.0, 1025.185, 1621.132, 648.2887, 0.7279656, 0.5891853
339, -827.3398, 2186.918, 9999.0, 1134.0, 721.0, 1026.966, 1622.151, 650.536, 0.7379656, 0.5991854
340, -827.3398, 2186.918, 9999.0, 1134.0, 721.0, 1026.966, 1622.151, 650.536, 0.7479656, 0.6091853
341, -831.7409, 2202.712, 9999.0, 1134.0, 721.0, 1029.086, 1623.516, 652.8244, 0.7579656, 0.6191854
342, -831.7409, 2202.712, 9999.0, 1134.0, 721.0, 1027.259, 1621.482, 655.1146, 0.7679656, 0.6291853
343, -836.88, 2217.516, 9999.0, 1134.0, 721.0, 1028.921, 1623.12, 657.3433, 0.7779656, 0.6391853
344, -836.88, 2217.516, 9999.0, 1134.0, 721.0, 1027.279, 1620.977, 659.6055, 0.7879656, 0.6491853
345, -841.9077, 2231.22, 9999.0, 1134.0, 498.0, 1028.482, 1956.001, 661.9048, 0.7979656, 0.4957799
346, -841.9077, 2231.22, 9999.0, 1134.0, 498.0, 1027.026, 1953.752, 664.15, 0.8079656, 0.5057799
347, -848.2724, 2244.813, 9999.0, 1134.0, 498.0, 1027.862, 1955.697, 666.3868, 0.8079656, 0.5057799
348, -848.2724, 2244.813, 9999.0, 1134.0, 498.0, 1027.862, 1955.697, 666.3868, 0.8179656, 0.5157799
349, -854.2609, 2259.506, 9999.0, 1455.0, 486.5, 1297.786, 2171.799, 670.9312, 0.5955556, 0.422576
350, -854.2609, 2259.506, 9999.0, 1455.0, 486.5, 1296.708, 2169.37, 673.1584, 0.6055556, 0.432576
351, -860.1382, 2274.311, 9999.0, 1455.0, 486.5, 1297.593, 2171.564, 675.4238, 0.6155556, 0.442576
352, -860.1382, 2274.311, 9999.0, 1455.0, 400.5, 1115.095, 2169.003, 677.698, 0.4765129, 0.452576
353, -865.8901, 2289.129, 9999.0, 1455.0, 400.5, 1115.859, 2171.298, 679.9106, 0.4865129, 0.462576
354, -865.8901, 2289.129, 9999.0, 1455.0, 400.5, 1115.177, 2168.747, 682.1225, 0.4865129, 0.462576
355, -865.8901, 2289.129, 9999.0, 1455.0, 400.5, 1115.177, 2168.747, 682.1225, 0.4965129, 0.472576
356, -872.2548, 2303.808, 9999.0, 1455.0, 344.5, 984.427, 2168.55, 686.5669, 0.4104989, 0.492576
357, -878.3828, 2317.527, 9999.0, 1455.0, 344.5, 984.5627, 2170.764, 688.7187, 0.4204989, 0.502576
358, -878.3828, 2317.527, 9999.0, 1455.0, 344.5, 984.2834, 2168.219, 690.8638, 0.4304989, 0.512576
359, -883.2711, 2330.98, 9999.0, 1455.0, 304.0, 885.9199, 2170.215, 692.9936, 0.3609908, 0.522576
360, -883.2711, 2330.98, 9999.0, 1455.0, 304.0, 885.8292, 2167.757, 695.0544, 0.3709908, 0.532576
361, -887.8115, 2343.96, 9999.0, 1455.0, 304.0, 886.0269, 2169.743, 697.0534, 0.3709908, 0.532576
362, -887.8115, 2343.96, 9999.0, 1455.0, 304.0, 886.1012, 2167.392, 699.0239, 0.3909908, 0.552576
363, -891.3489, 2357.553, 9999.0, 1455.0, 279.5, 807.5229, 2169.578, 700.935, 0.3340211, 0.5625759
364, -891.3489, 2357.553, 9999.0, 1455.0, 279.5, 807.7291, 2167.42, 702.751, 0.3440211, 0.572576
365, -895.8892, 2368.806, 9999.0, 1455.0, 279.5, 807.4944, 2169.198, 704.4849, 0.3440211, 0.572576
366, -895.8892, 2368.806, 9999.0, 1455.0, 279.5, 807.4944, 2169.198, 704.4849, 0.3540211, 0.5825759
367, -900.0533, 2377.873, 9999.0, 1455.0, 254.5, 742.8136, 2168.689, 707.5452, 0.3179677, 0.6025759
368, -900.0533, 2377.873, 9999.0, 1455.0, 254.5, 743.1208, 2167.154, 708.8569, 0.3279677, 0.6125759
369, -902.0031, 2386.438, 9999.0, 1455.0, 254.5, 743.2605, 2168.543, 710.0591, 0.3279677, 0.6125759
370, -902.0031, 2386.438, 9999.0, 678.0, 246.0, 689.6642, 2378.096, 711.0739, 0.296399, 0.3902008
371, -903.2288, 2392.677, 9999.0, 678.0, 246.0, 689.7882, 2379.141, 711.9165, 0.306399, 0.4002008
372, -903.2288, 2392.677, 9999.0, 678.0, 246.0, 690.0151, 2378.284, 712.6592, 0.306399, 0.4002008
373, -904.2035, 2396.967, 9999.0, 664.0, 241.0, 645.8522, 2441.735, 713.2778, 0.2806045, 0.3472445
374, -904.2035, 2396.967, 9999.0, 664.0, 241.0, 646.0142, 2441.163, 713.7754, 0.2906045, 0.3572445
375, -904.4543, 2400.518, 9999.0, 664.0, 241.0, 646.1843, 2441.817, 714.1935, 0.3006045, 0.3672445
376, -904.4543, 2400.518, 9999.0, 664.0, 241.0, 646.3078, 2441.401, 714.5571, 0.3106045, 0.3772445
377, -904.4543, 2400.518, 9999.0, 664.0, 241.0, 646.3078, 2441.401, 714.5571, 0.3106045, 0.3772445
378, -904.4543, 2402.956, 9999.0, 659.0, 238.5, 608.7163, 2490.799, 715.1132, 0.2863111, 0.334428
379, -904.4543, 2404.432, 9999.0, 659.0, 238.5, 608.8246, 2491.04, 715.3131, 0.2863111, 0.334428
380, -904.4543, 2404.432, 9999.0, 656.0, 239.0, 577.554, 2529.639, 715.4762, 0.2656286, 0.3010736
381, -904.4543, 2405.657, 9999.0, 656.0, 239.0, 577.6305, 2529.878, 715.6076, 0.2756286, 0.3110735
382, -904.4543, 2405.657, 9999.0, 656.0, 239.0, 577.6674, 2529.762, 715.7099, 0.2856286, 0.3210735
383, -904.4543, 2406.507, 9999.0, 656.0, 239.0, 577.7194, 2529.93, 715.7997, 0.2956286, 0.3310735
384, -904.4543, 2406.507, 9999.0, 655.0, 239.5, 550.6727, 2561.845, 715.8762, 0.2651152, 0.2913822
385, -904.4543, 2406.995, 9999.0, 655.0, 239.5, 550.7086, 2561.922, 715.9448, 0.2751152, 0.3013822
386, -904.4543, 2406.995, 9999.0, 655.0, 239.5, 550.7309, 2561.852, 716.0058, 0.2751152, 0.3013822
387, -904.4543, 2407.733, 9999.0, 656.0, 239.0, 527.9084, 2587.843, 716.0585, 0.2571681, 0.2768886
388, -904.4543, 2407.733, 9999.0, 656.0, 239.0, 527.9285, 2587.781, 716.1131, 0.2671681, 0.2868886
389, -904.9417, 2407.983, 9999.0, 656.0, 239.0, 527.8044, 2587.793, 716.1818, 0.2771681, 0.2968886
390, -904.9417, 2407.983, 9999.0, 656.0, 239.0, 527.8318, 2587.709, 716.2557, 0.287168, 0.3068886
391, -905.1925, 2408.471, 9999.0, 655.0, 238.5, 507.7055, 2609.89, 716.3442, 0.2587255, 0.2735467
392, -905.1925, 2408.471, 9999.0, 655.0, 238.5, 507.7462, 2609.766, 716.4528, 0.2687255, 0.2835467
393, -905.6799, 2409.445, 9999.0, 655.0, 238.5, 507.6541, 2609.951, 716.571, 0.2687255, 0.2835467
394, -905.6799, 2409.445, 9999.0, 655.0, 237.5, 490.5219, 2628.211, 716.7025, 0.2523024, 0.2635472
395, -906.1674, 2410.184, 9999.0, 655.0, 237.5, 490.4369, 2628.285, 716.8522, 0.2623024, 0.2735472
396, -906.1674, 2410.184, 9999.0, 655.0, 237.5, 490.4931, 2628.12, 716.9979, 0.2723024, 0.2835472
397, -906.6547, 2411.159, 9999.0, 655.0, 237.5, 490.4115, 2628.269, 717.1477, 0.2823024, 0.2935472
398, -906.6547, 2411.159, 9999.0, 652.0, 236.5, 475.1742, 2644.487, 717.3033, 0.2550295, 0.2635476
399, -907.1422, 2411.897, 9999.0, 652.0, 236.5, 475.0927, 2644.547, 717.4638, 0.2650295, 0.2735476